{"stats":{"minecraft:killed":{"minecraft:sheep":2},"minecraft:crafted":{"minecraft:wooden_sword":1,"minecraft:coal_block":1,"minecraft:glass_bottle":3,"minecraft:oak_planks":68,"minecraft:wooden_shovel":1,"minecraft:stone_shovel":1,"minecraft:crafting_table":3,"minecraft:spruce_planks":24,"minecraft:wooden_pickaxe":2,"minecraft:spruce_door":3,"minecraft:furnace":1,"minecraft:campfire":4,"minecraft:stone_axe":1,"minecraft:cooked_mutton":1,"minecraft:air":0,"minecraft:glass":3,"minecraft:charcoal":1,"minecraft:stick":44,"minecraft:iron_ingot":2,"minecraft:stone_pickaxe":3,"minecraft:wooden_axe":1,"minecraft:stone_sword":1,"minecraft:spruce_boat":1,"minecraft:torch":8,"vampirism:fire_place":1},"minecraft:custom":{"minecraft:interact_with_furnace":11,"minecraft:mob_kills":2,"minecraft:interact_with_crafting_table":21,"minecraft:interact_with_campfire":3,"minecraft:leave_game":4,"minecraft:time_since_death":11579,"minecraft:time_since_rest":11602,"minecraft:sprint_one_cm":120720,"minecraft:damage_taken":1189,"minecraft:walk_one_cm":93642,"minecraft:drop":2,"minecraft:damage_dealt":570,"minecraft:swim_one_cm":13408,"minecraft:fly_one_cm":115426,"minecraft:player_kills":1,"minecraft:open_chest":2,"minecraft:crouch_one_cm":975,"minecraft:play_time":65819,"minecraft:deaths":4,"minecraft:walk_under_water_one_cm":3775,"minecraft:sneak_time":800,"minecraft:jump":767,"minecraft:walk_on_water_one_cm":3259,"minecraft:total_world_time":65819,"minecraft:fall_one_cm":16674},"minecraft:used":{"minecraft:cooked_mutton":4,"vampirism:fire_place":2,"minecraft:moss_carpet":1,"minecraft:stone_sword":8,"minecraft:glass_bottle":3,"minecraft:stone_shovel":98,"minecraft:stone_pickaxe":152,"minecraft:spruce_planks":3,"minecraft:wooden_pickaxe":10,"minecraft:wooden_shovel":25,"minecraft:torch":8,"minecraft:dirt":61,"minecraft:crafting_table":10,"minecraft:campfire":3,"minecraft:spruce_boat":1,"minecraft:wooden_axe":9,"minecraft:stone_axe":45,"minecraft:wooden_sword":29,"minecraft:cobblestone":43,"minecraft:oak_sapling":1,"minecraft:furnace":3,"minecraft:potato":5},"minecraft:picked_up":{"minecraft:charcoal":10,"minecraft:crafting_table":9,"minecraft:wooden_pickaxe":3,"minecraft:oak_log":44,"minecraft:lapis_lazuli":36,"minecraft:dirt":180,"minecraft:moss_carpet":2,"minecraft:raw_copper":30,"minecraft:cooked_mutton":7,"minecraft:stone_pickaxe":3,"minecraft:moss_block":5,"minecraft:sugar_cane":2,"minecraft:oak_planks":11,"minecraft:furnace":4,"minecraft:stick":30,"minecraft:raw_iron":6,"vampirism:fire_place":2,"minecraft:torch":24,"minecraft:sand":209,"minecraft:spruce_log":12,"minecraft:redstone":3,"minecraft:dark_oak_log":5,"minecraft:stone_sword":3,"minecraft:rotten_flesh":5,"minecraft:stone_shovel":2,"minecraft:stone_axe":3,"minecraft:spruce_boat":1,"minecraft:green_wool":3,"minecraft:oak_sapling":14,"minecraft:mutton":3,"minecraft:coal":74,"minecraft:snowball":28,"minecraft:white_wool":3,"minecraft:cobblestone":228},"minecraft:dropped":{"minecraft:moss_block":1,"minecraft:rotten_flesh":5},"minecraft:mined":{"horror_element_mod:dead_pig":1,"minecraft:dark_oak_log":6,"minecraft:crafting_table":9,"minecraft:cave_vines_plant":1,"minecraft:grass_block":29,"minecraft:campfire":3,"minecraft:cobblestone":18,"minecraft:lapis_ore":2,"minecraft:sugar_cane":1,"minecraft:moss_block":6,"minecraft:wall_torch":7,"minecraft:furnace":2,"minecraft:spruce_log":7,"minecraft:birch_leaves":1,"minecraft:moss_carpet":1,"minecraft:grass":2,"minecraft:coal_ore":29,"minecraft:oak_log":29,"vampirism:fire_place":2,"minecraft:sand":82,"minecraft:dirt":41,"minecraft:stone":102,"minecraft:oak_leaves":36}},"DataVersion":3465}