{"stats":{"minecraft:picked_up":{"minecraft:wooden_axe":3,"minecraft:crafting_table":2,"minecraft:chicken":3,"minecraft:wooden_pickaxe":11,"minecraft:cooked_rabbit":1,"minecraft:gold_block":1,"minecraft:shield":1,"minecraft:wooden_sword":1,"minecraft:cobbled_deepslate":10,"minecraft:beef":7,"minecraft:calcite":4,"minecraft:iron_nugget":13,"minecraft:phantom_membrane":3,"minecraft:stick":12,"minecraft:raw_iron":14,"minecraft:torch":1,"minecraft:porkchop":6,"minecraft:cherry_log":5,"minecraft:carrot":2,"minecraft:golden_chestplate":1,"minecraft:dark_oak_planks":15,"slashblade:proudsoul":18,"minecraft:stone_sword":4,"slashblade:bladestand_2":1,"minecraft:arrow":6,"minecraft:rotten_flesh":13,"minecraft:gold_ingot":4,"minecraft:mutton":10,"minecraft:obsidian":11,"minecraft:white_wool":6,"minecraft:cobblestone":36,"minecraft:leather_chestplate":1,"minecraft:feather":6,"minecraft:cooked_beef":3,"minecraft:brown_wool":1,"minecraft:leather":10,"minecraft:tuff":2,"minecraft:oak_log":14,"minecraft:golden_boots":2,"minecraft:lapis_lazuli":23,"skilltree:gem":11,"minecraft:dirt":50,"minecraft:paper":5,"minecraft:cooked_mutton":1,"minecraft:bone":4,"minecraft:apple":1,"minecraft:bow":1,"minecraft:wheat_seeds":15,"minecraft:iron_ingot":13,"minecraft:stone_pickaxe":4,"slashblade:slashblade":7,"minecraft:iron_sword":1,"witherstormmod:command_block_book":1,"minecraft:smooth_basalt":2,"minecraft:cooked_porkchop":1,"minecraft:pumpkin":1,"minecraft:dark_oak_log":62,"minecraft:stone_axe":3,"minecraft:granite":1,"minecraft:gray_wool":1,"minecraft:oak_sapling":1,"minecraft:coal":11,"minecraft:ender_pearl":1},"minecraft:broken":{"slashblade:slashblade":6},"minecraft:killed_by":{"minecraft:creeper":1,"minecraft:drowned":1,"minecraft:skeleton":1},"minecraft:crafted":{"minecraft:wooden_sword":11,"minecraft:oak_planks":20,"slashblade:proudsoul_sphere":1,"minecraft:dark_oak_boat":1,"minecraft:iron_nugget":9,"minecraft:cooked_chicken":1,"minecraft:furnace":2,"minecraft:cooked_mutton":7,"minecraft:dark_oak_door":3,"minecraft:iron_boots":1,"minecraft:iron_axe":1,"twm:titanite_scrap":1,"minecraft:stone_pickaxe":1,"slashblade:bladestand_2":1,"minecraft:dark_oak_planks":104,"minecraft:oak_fence":3,"minecraft:cooked_beef":10,"minecraft:cooked_porkchop":5,"minecraft:crafting_table":6,"slashblade:slashblade":14,"skilltree:iron_ring":2,"minecraft:wooden_pickaxe":1,"minecraft:iron_helmet":1,"skilltree:scholar_necklace":1,"minecraft:iron_sword":2,"minecraft:bucket":1,"minecraft:stone_axe":1,"slashblade:proudsoul_ingot":5,"minecraft:air":0,"minecraft:iron_chestplate":1,"minecraft:charcoal":3,"minecraft:gold_nugget":9,"minecraft:shield":2,"minecraft:stick":40,"minecraft:iron_ingot":17,"minecraft:iron_pickaxe":1,"minecraft:wooden_axe":2,"minecraft:gold_ingot":18,"minecraft:iron_leggings":1,"minecraft:torch":20,"slashblade:proudsoul":8,"slashblade:proudsoul_tiny":44},"minecraft:killed":{"minecraft:phantom":2,"minecraft:skeleton":3,"minecraft:horse":6,"minecraft:chicken":5,"minecraft:drowned":3,"minecraft:pig":5,"minecraft:sheep":6,"minecraft:donkey":1,"minecraft:zombie":11,"minecraft:cow":3},"minecraft:mined":{"minecraft:large_amethyst_bud":1,"minecraft:dark_oak_log":27,"minecraft:granite":1,"minecraft:budding_amethyst":2,"minecraft:grass_block":11,"minecraft:iron_ore":5,"minecraft:fire":3,"minecraft:pumpkin":1,"minecraft:gold_block":1,"minecraft:deepslate_iron_ore":8,"minecraft:stone":18,"minecraft:medium_amethyst_bud":1,"minecraft:powder_snow":11,"minecraft:torch":1,"minecraft:crafting_table":2,"minecraft:calcite":1,"minecraft:tall_grass":12,"minecraft:grass":26,"minecraft:oak_log":3,"minecraft:dirt":9,"minecraft:smooth_basalt":1,"minecraft:deepslate":8},"minecraft:dropped":{"minecraft:golden_boots":4,"minecraft:wheat_seeds":15,"minecraft:oak_log":1,"minecraft:cooked_porkchop":2,"minecraft:cobblestone":4,"minecraft:coal":11,"minecraft:dirt":34,"minecraft:gray_wool":1,"skilltree:gem":2,"minecraft:wooden_sword":1,"minecraft:paper":6,"minecraft:bucket":1,"minecraft:smooth_basalt":1,"minecraft:bone":4,"minecraft:stone_axe":2,"minecraft:cobbled_deepslate":10,"slashblade:proudsoul":4,"minecraft:golden_chestplate":2,"minecraft:stone_sword":1,"minecraft:tuff":2,"minecraft:obsidian":2,"minecraft:rotten_flesh":4,"skilltree:iron_ring":1,"minecraft:golden_shovel":1,"minecraft:leather_chestplate":1,"minecraft:shield":2,"slashblade:slashblade":11,"minecraft:bow":1,"minecraft:wooden_pickaxe":2,"minecraft:stone_pickaxe":2,"minecraft:calcite":3,"minecraft:cooked_rabbit":1},"minecraft:custom":{"minecraft:mob_kills":47,"minecraft:interact_with_crafting_table":88,"minecraft:leave_game":1,"minecraft:time_since_death":109015,"minecraft:sprint_one_cm":404082,"minecraft:walk_one_cm":298525,"minecraft:damage_blocked_by_shield":375,"minecraft:drop":73,"minecraft:play_time":139999,"minecraft:deaths":3,"minecraft:sneak_time":12098,"minecraft:walk_under_water_one_cm":42673,"minecraft:boat_one_cm":20,"minecraft:jump":1240,"minecraft:walk_on_water_one_cm":18935,"minecraft:total_world_time":139999,"minecraft:interact_with_furnace":61,"minecraft:time_since_rest":109040,"minecraft:damage_taken":3273,"minecraft:damage_absorbed":20,"minecraft:damage_dealt":6707,"minecraft:swim_one_cm":159909,"minecraft:fly_one_cm":307669,"minecraft:open_chest":12,"minecraft:crouch_one_cm":76639,"minecraft:fall_one_cm":55791},"minecraft:used":{"minecraft:oak_fence":2,"minecraft:stone_sword":10,"minecraft:flint_and_steel":22,"minecraft:shield":6,"minecraft:iron_sword":89,"slashblade:bladestand_2":1,"minecraft:rotten_flesh":9,"minecraft:cooked_chicken":1,"minecraft:torch":21,"minecraft:mutton":1,"minecraft:carrot":3,"minecraft:granite":1,"minecraft:wooden_axe":5,"slashblade:slashblade":409,"minecraft:dark_oak_boat":1,"minecraft:oak_sapling":1,"minecraft:furnace":2,"minecraft:cooked_beef":13,"minecraft:pumpkin":1,"minecraft:cooked_mutton":7,"minecraft:stone_pickaxe":6,"minecraft:wooden_pickaxe":9,"minecraft:white_wool":1,"minecraft:golden_apple":1,"minecraft:crafting_table":7,"minecraft:dark_oak_door":3,"minecraft:dark_oak_log":2,"minecraft:brown_wool":1,"minecraft:iron_pickaxe":37,"minecraft:stone_axe":26,"minecraft:wooden_sword":1,"minecraft:cobblestone":1,"minecraft:cooked_porkchop":4}},"DataVersion":3465}