{"stats":{"minecraft:picked_up":{"minecraft:crafting_table":1,"minecraft:chicken":15,"minecraft:wooden_pickaxe":4,"minecraft:shield":1,"skilltree:iron_ring":3,"minecraft:string":3,"minecraft:gold_nugget":14,"minecraft:cobbled_deepslate":97,"minecraft:bucket":1,"minecraft:beef":19,"minecraft:iron_nugget":25,"minecraft:light_gray_wool":2,"minecraft:phantom_membrane":2,"minecraft:egg":3,"minecraft:furnace":15,"minecraft:raw_iron":18,"minecraft:stick":5,"minecraft:porkchop":5,"minecraft:dark_oak_planks":352,"slashblade:proudsoul":9,"minecraft:stone_sword":3,"minecraft:arrow":6,"minecraft:rotten_flesh":17,"minecraft:gold_ingot":2,"minecraft:obsidian":20,"minecraft:mutton":20,"minecraft:white_wool":11,"minecraft:cobblestone":85,"minecraft:leather_chestplate":1,"minecraft:feather":20,"minecraft:brown_wool":1,"minecraft:leather":12,"minecraft:dark_oak_boat":2,"minecraft:filled_map":1,"minecraft:tuff":23,"minecraft:golden_boots":1,"minecraft:gunpowder":11,"skilltree:gem":11,"minecraft:lapis_lazuli":15,"minecraft:paper":2,"minecraft:dirt":8,"minecraft:coast_armor_trim_smithing_template":6,"minecraft:bone":7,"twm:ancient_debris":2,"minecraft:bow":1,"minecraft:wheat_seeds":5,"minecraft:raw_gold":10,"minecraft:rabbit_hide":1,"minecraft:iron_ingot":19,"minecraft:stone_pickaxe":4,"minecraft:rabbit":2,"slashblade:slashblade":6,"slashblade:proudsoul_tiny":1,"minecraft:smooth_basalt":1,"minecraft:cooked_porkchop":3,"minecraft:pumpkin":2,"minecraft:gravel":3,"minecraft:grass_block":1,"minecraft:dark_oak_log":57,"minecraft:spider_eye":1,"minecraft:leather_helmet":1,"minecraft:diamond":3,"minecraft:stone_axe":3,"minecraft:gray_wool":1,"minecraft:baked_potato":2,"minecraft:oak_sapling":1,"minecraft:coal":11},"minecraft:broken":{"minecraft:leather_helmet":1,"minecraft:golden_boots":1,"minecraft:stone_sword":1,"slashblade:slashblade":3,"minecraft:leather_boots":1},"minecraft:killed_by":{"minecraft:skeleton":2},"minecraft:crafted":{"minecraft:wooden_sword":1,"minecraft:leather_boots":2,"minecraft:dark_oak_boat":3,"minecraft:cooked_chicken":10,"minecraft:furnace":1,"minecraft:cooked_mutton":27,"minecraft:dark_oak_door":3,"twm:titanite_scrap":1,"minecraft:stone_pickaxe":1,"skilltree:golden_ring":1,"minecraft:dark_oak_planks":124,"minecraft:cooked_rabbit":2,"minecraft:cooked_beef":12,"minecraft:cooked_porkchop":5,"minecraft:crafting_table":4,"slashblade:slashblade":1,"minecraft:iron_helmet":1,"minecraft:wooden_pickaxe":1,"minecraft:iron_sword":1,"minecraft:stone_axe":1,"minecraft:air":0,"minecraft:iron_chestplate":1,"minecraft:diamond_pickaxe":1,"minecraft:shield":1,"minecraft:stick":16,"minecraft:iron_ingot":14,"minecraft:iron_pickaxe":1,"minecraft:stone_sword":1,"minecraft:iron_leggings":1,"minecraft:gold_ingot":2,"minecraft:white_bed":1},"minecraft:killed":{"minecraft:spider":3,"minecraft:phantom":1,"minecraft:skeleton":8,"minecraft:chicken":13,"minecraft:pig":4,"minecraft:rabbit":2,"minecraft:sheep":15,"minecraft:zombie":16,"minecraft:donkey":2,"minecraft:cow":8},"minecraft:mined":{"minecraft:tuff":21,"minecraft:dark_oak_leaves":9,"minecraft:deepslate_diamond_ore":3,"minecraft:dark_oak_log":22,"minecraft:obsidian":20,"minecraft:grass_block":1,"twm:ancient_debris_deepslate":2,"minecraft:furnace":13,"minecraft:fire":1,"minecraft:iron_ore":12,"minecraft:cobbled_deepslate":19,"minecraft:pumpkin":1,"minecraft:deepslate_iron_ore":6,"minecraft:stone":27,"minecraft:cobblestone":3,"minecraft:deepslate_gold_ore":10,"minecraft:grass":2,"minecraft:coal_ore":7,"minecraft:gravel":3,"minecraft:dirt":1,"minecraft:oak_leaves":12,"minecraft:deepslate":77},"minecraft:dropped":{"minecraft:iron_ingot":13,"minecraft:iron_sword":1,"minecraft:wheat_seeds":5,"minecraft:lapis_lazuli":23,"minecraft:cooked_beef":9,"minecraft:cooked_porkchop":1,"minecraft:iron_helmet":1,"minecraft:feather":2,"minecraft:stick":5,"minecraft:dirt":3,"minecraft:gray_wool":1,"minecraft:dark_oak_log":24,"skilltree:gem":9,"twm:titanite_scrap":1,"minecraft:phantom_membrane":1,"minecraft:iron_pickaxe":1,"minecraft:paper":17,"minecraft:dark_oak_planks":81,"minecraft:string":2,"minecraft:white_wool":2,"minecraft:gold_ingot":4,"minecraft:smooth_basalt":1,"minecraft:bone":4,"minecraft:stone_axe":1,"minecraft:iron_nugget":7,"minecraft:cooked_chicken":2,"slashblade:proudsoul":6,"minecraft:obsidian":10,"minecraft:rotten_flesh":5,"skilltree:iron_ring":2,"minecraft:cooked_mutton":5,"minecraft:carrot":3,"minecraft:filled_map":3,"minecraft:rabbit_hide":1,"minecraft:leather_chestplate":1,"minecraft:gunpowder":6,"slashblade:slashblade":1,"minecraft:leather_boots":1,"minecraft:spider_eye":1,"minecraft:stone_pickaxe":2,"minecraft:wooden_pickaxe":4,"minecraft:cooked_rabbit":1},"minecraft:custom":{"minecraft:mob_kills":73,"minecraft:interact_with_crafting_table":35,"minecraft:leave_game":1,"minecraft:time_since_death":108934,"minecraft:sprint_one_cm":648429,"minecraft:walk_one_cm":321728,"minecraft:damage_blocked_by_shield":360,"minecraft:drop":84,"minecraft:play_time":148517,"minecraft:deaths":3,"minecraft:sneak_time":10959,"minecraft:walk_under_water_one_cm":18898,"minecraft:boat_one_cm":280,"minecraft:jump":1701,"minecraft:walk_on_water_one_cm":30353,"minecraft:total_world_time":148517,"minecraft:interact_with_furnace":135,"minecraft:time_since_rest":108960,"minecraft:damage_taken":3502,"minecraft:damage_dealt":8315,"minecraft:swim_one_cm":177272,"minecraft:fly_one_cm":578244,"minecraft:open_chest":15,"minecraft:crouch_one_cm":20879,"minecraft:fall_one_cm":60213},"minecraft:used":{"minecraft:stone_sword":133,"minecraft:shield":9,"minecraft:iron_sword":4,"minecraft:rotten_flesh":12,"minecraft:cooked_chicken":8,"minecraft:iron_chestplate":1,"minecraft:dirt":5,"minecraft:carrot":5,"minecraft:tuff":10,"minecraft:obsidian":10,"minecraft:grass_block":1,"slashblade:slashblade":286,"minecraft:light_gray_wool":1,"minecraft:bow":4,"minecraft:dark_oak_boat":5,"minecraft:oak_sapling":1,"minecraft:furnace":14,"minecraft:egg":3,"minecraft:cooked_beef":3,"minecraft:potato":3,"minecraft:cobbled_deepslate":48,"minecraft:iron_leggings":1,"minecraft:pumpkin":2,"minecraft:cooked_mutton":19,"minecraft:water_bucket":5,"minecraft:stone_pickaxe":24,"minecraft:baked_potato":2,"minecraft:wooden_pickaxe":20,"minecraft:leather_chestplate":1,"minecraft:leather_boots":1,"minecraft:crafting_table":5,"minecraft:white_bed":1,"minecraft:dark_oak_door":3,"minecraft:diamond_pickaxe":118,"minecraft:brown_wool":1,"minecraft:iron_pickaxe":69,"minecraft:gravel":3,"minecraft:stone_axe":6,"minecraft:cobblestone":39,"minecraft:cooked_porkchop":7,"minecraft:cooked_rabbit":1,"minecraft:bucket":6}},"DataVersion":3465}