{"stats":{"minecraft:killed":{"minecraft:sheep":2,"minecraft:pig":1,"minecraft:iron_golem":3},"minecraft:killed_by":{"minecraft:player":1,"minecraft:creeper":1},"minecraft:used":{"minecraft:oak_log":1,"minecraft:cornflower":1,"minecraft:stone_sword":33,"minecraft:bread":8,"minecraft:poppy":1,"minecraft:iron_helmet":1,"minecraft:wooden_pickaxe":59,"minecraft:white_wool":2,"minecraft:wooden_sword":61,"minecraft:dirt":6,"minecraft:hay_block":6,"minecraft:crafting_table":3},"minecraft:dropped":{"minecraft:iron_ingot":2},"minecraft:mined":{"minecraft:hay_block":12,"minecraft:spruce_log":4,"minecraft:crafting_table":3,"minecraft:cornflower":1,"minecraft:grass":16,"minecraft:grass_block":3,"minecraft:oak_log":9,"minecraft:dirt_path":1,"minecraft:dirt":6,"minecraft:packed_ice":2,"minecraft:spruce_leaves":6,"minecraft:stone":59,"minecraft:oak_leaves":1},"minecraft:picked_up":{"minecraft:stripped_oak_log":1,"minecraft:stick":3,"minecraft:crafting_table":3,"minecraft:porkchop":2,"minecraft:oak_log":9,"minecraft:spruce_log":4,"minecraft:cornflower":1,"minecraft:dirt":8,"minecraft:wooden_sword":1,"minecraft:wheat_seeds":3,"minecraft:hay_block":12,"minecraft:iron_ingot":13,"minecraft:poppy":2,"minecraft:mutton":3,"minecraft:white_wool":2,"minecraft:cobblestone":59},"minecraft:broken":{"minecraft:wooden_sword":1,"minecraft:wooden_pickaxe":1},"minecraft:custom":{"minecraft:time_since_rest":11944,"minecraft:sprint_one_cm":96725,"minecraft:damage_taken":844,"minecraft:walk_one_cm":146881,"minecraft:mob_kills":5,"minecraft:drop":1,"minecraft:damage_dealt":3506,"minecraft:talked_to_villager":1,"minecraft:player_kills":1,"minecraft:fly_one_cm":122864,"minecraft:interact_with_crafting_table":8,"minecraft:open_chest":3,"minecraft:crouch_one_cm":1976,"minecraft:play_time":45061,"minecraft:deaths":2,"minecraft:bell_ring":22,"minecraft:sneak_time":773,"minecraft:walk_under_water_one_cm":4066,"minecraft:jump":624,"minecraft:leave_game":2,"minecraft:time_since_death":29295,"minecraft:walk_on_water_one_cm":6789,"minecraft:sleep_in_bed":1,"minecraft:total_world_time":45061,"minecraft:fall_one_cm":17378},"minecraft:crafted":{"minecraft:wooden_sword":2,"minecraft:oak_planks":20,"minecraft:crafting_table":2,"minecraft:spruce_planks":16,"minecraft:stick":12,"minecraft:iron_helmet":1,"minecraft:wooden_pickaxe":1,"minecraft:stone_pickaxe":1,"minecraft:stone_sword":1,"minecraft:bread":18,"minecraft:wheat":54}},"DataVersion":3120}