{"stats":{"minecraft:custom":{"minecraft:mob_kills":9,"minecraft:interact_with_crafting_table":17,"minecraft:bell_ring":22,"minecraft:leave_game":10,"minecraft:time_since_death":11623,"minecraft:sleep_in_bed":3,"minecraft:time_since_rest":11651,"minecraft:sprint_one_cm":167322,"minecraft:damage_taken":5200,"minecraft:walk_one_cm":353510,"minecraft:drop":3,"minecraft:damage_dealt":4661,"minecraft:talked_to_villager":1,"minecraft:fly_one_cm":192808,"minecraft:player_kills":2,"minecraft:open_chest":32,"minecraft:crouch_one_cm":30308,"minecraft:play_time":103783,"minecraft:deaths":11,"minecraft:sneak_time":8269,"minecraft:walk_under_water_one_cm":7421,"minecraft:jump":1283,"minecraft:interact_with_blast_furnace":2,"minecraft:walk_on_water_one_cm":12856,"minecraft:total_world_time":103783,"minecraft:interact_with_smoker":3,"minecraft:fall_one_cm":59318},"minecraft:picked_up":{"minecraft:stripped_oak_log":1,"minecraft:crafting_table":5,"minecraft:cooked_beef":6,"minecraft:oak_log":41,"minecraft:cornflower":1,"minecraft:dirt":8,"minecraft:wooden_sword":1,"minecraft:iron_leggings":1,"minecraft:cooked_mutton":1,"minecraft:wheat_seeds":3,"minecraft:cobbled_deepslate":1,"minecraft:iron_ingot":16,"minecraft:stone_pickaxe":2,"minecraft:poppy":2,"minecraft:oak_planks":20,"minecraft:stick":18,"minecraft:torch":5,"minecraft:porkchop":2,"minecraft:spruce_log":4,"minecraft:stone_sword":3,"minecraft:rotten_flesh":4,"minecraft:stone_axe":2,"minecraft:hay_block":12,"minecraft:bread":3,"minecraft:mutton":3,"minecraft:coal":64,"minecraft:cobblestone":85,"minecraft:white_wool":2},"minecraft:dropped":{"minecraft:iron_ingot":3,"minecraft:cobblestone":1},"minecraft:used":{"minecraft:cooked_mutton":1,"minecraft:stone_sword":39,"minecraft:stone_pickaxe":7,"minecraft:poppy":2,"minecraft:oak_planks":25,"minecraft:wooden_pickaxe":59,"minecraft:rotten_flesh":1,"minecraft:white_wool":2,"minecraft:torch":1,"minecraft:dirt":6,"minecraft:crafting_table":4,"minecraft:oak_log":2,"minecraft:cornflower":1,"minecraft:apple":2,"minecraft:bread":14,"minecraft:iron_helmet":1,"minecraft:iron_boots":1,"minecraft:stone_axe":64,"minecraft:wooden_sword":61,"minecraft:hay_block":6,"minecraft:porkchop":2,"minecraft:cobbled_deepslate":1},"minecraft:killed":{"minecraft:pig":1,"minecraft:iron_golem":3,"minecraft:creeper":1,"minecraft:sheep":2,"minecraft:zombie":3},"minecraft:mined":{"minecraft:crafting_table":4,"minecraft:cornflower":1,"minecraft:grass_block":3,"minecraft:tall_grass":1,"minecraft:spruce_leaves":6,"minecraft:oak_planks":13,"minecraft:hay_block":12,"minecraft:spruce_log":4,"minecraft:grass":16,"minecraft:oak_log":41,"minecraft:dirt_path":1,"minecraft:dirt":6,"minecraft:packed_ice":2,"minecraft:stone":66,"minecraft:oak_leaves":6},"minecraft:broken":{"minecraft:wooden_sword":1,"minecraft:stone_axe":1,"minecraft:wooden_pickaxe":1},"minecraft:crafted":{"minecraft:wooden_sword":2,"minecraft:oak_planks":220,"minecraft:crafting_table":3,"minecraft:spruce_planks":16,"minecraft:iron_helmet":1,"minecraft:wooden_pickaxe":1,"minecraft:stone_axe":1,"minecraft:bread":18,"minecraft:cooked_mutton":3,"minecraft:air":0,"minecraft:iron_boots":1,"minecraft:stick":16,"minecraft:stone_pickaxe":1,"minecraft:stone_sword":1,"minecraft:wheat":54},"minecraft:killed_by":{"sanitydim:sneaking_terror":1,"minecraft:player":4,"minecraft:creeper":2,"sanitydim:rotting_stalker":1}},"DataVersion":3120}