{"stats":{"minecraft:custom":{"minecraft:time_since_rest":3307,"minecraft:crouch_one_cm":530,"minecraft:play_time":15396,"minecraft:sprint_one_cm":26636,"minecraft:walk_one_cm":25247,"minecraft:damage_taken":326,"minecraft:deaths":1,"minecraft:sneak_time":206,"minecraft:jump":190,"minecraft:damage_dealt":187,"minecraft:leave_game":1,"minecraft:time_since_death":3280,"minecraft:total_world_time":15396,"minecraft:fall_one_cm":6315,"minecraft:interact_with_crafting_table":1,"minecraft:fly_one_cm":46130},"minecraft:crafted":{"minecraft:wooden_sword":1,"minecraft:crafting_table":1,"minecraft:spruce_planks":16,"minecraft:stick":4},"minecraft:used":{"minecraft:crafting_table":1},"minecraft:mined":{"minecraft:grass":1,"minecraft:packed_ice":2,"minecraft:spruce_leaves":6,"minecraft:spruce_log":4,"minecraft:crafting_table":2},"minecraft:picked_up":{"minecraft:wooden_sword":1,"minecraft:stick":3,"minecraft:crafting_table":2,"minecraft:wheat_seeds":1,"minecraft:spruce_log":4},"minecraft:killed_by":{"minecraft:player":1}},"DataVersion":3120}