{"stats":{"minecraft:killed":{"minecraft:pig":1,"minecraft:spider":1,"minecraft:skeleton":1,"minecraft:pillager":2,"minecraft:zombie":3},"minecraft:broken":{"minecraft:shield":1},"minecraft:custom":{"minecraft:interact_with_furnace":5,"minecraft:mob_kills":8,"minecraft:interact_with_crafting_table":19,"minecraft:leave_game":1,"minecraft:time_since_death":20557,"minecraft:climb_one_cm":9429,"minecraft:time_since_rest":20839,"minecraft:sprint_one_cm":199695,"minecraft:damage_taken":2350,"minecraft:walk_one_cm":276397,"minecraft:damage_blocked_by_shield":2085,"minecraft:drop":4,"minecraft:damage_dealt":1662,"minecraft:swim_one_cm":45381,"minecraft:fly_one_cm":342209,"minecraft:open_chest":6,"minecraft:crouch_one_cm":22305,"minecraft:play_time":107181,"minecraft:deaths":5,"minecraft:sneak_time":7781,"minecraft:walk_under_water_one_cm":14731,"minecraft:boat_one_cm":104665,"minecraft:jump":1939,"minecraft:walk_on_water_one_cm":23694,"minecraft:total_world_time":107181,"minecraft:fall_one_cm":50768},"minecraft:picked_up":{"minecraft:wooden_axe":2,"minecraft:cocoa_beans":9,"minecraft:wheat":3,"minecraft:feather":2,"minecraft:water_bucket":1,"minecraft:turtle_helmet":3,"minecraft:andesite":10,"minecraft:wooden_pickaxe":1,"minecraft:oak_log":8,"minecraft:shield":1,"minecraft:string":6,"minecraft:dirt":47,"minecraft:name_tag":2,"minecraft:wheat_seeds":4,"minecraft:iron_ingot":3,"minecraft:stone_pickaxe":2,"minecraft:cooked_chicken":1,"minecraft:bamboo":54,"minecraft:melon_slice":86,"minecraft:sugar_cane":9,"minecraft:oak_planks":15,"minecraft:egg":1,"minecraft:furnace":1,"minecraft:stick":2,"minecraft:raw_iron":8,"minecraft:sandstone":1,"minecraft:torch":3,"minecraft:porkchop":1,"minecraft:sand":9,"minecraft:jungle_planks":9,"minecraft:diorite":20,"minecraft:jungle_sign":3,"minecraft:dark_oak_planks":17,"minecraft:stone_sword":1,"minecraft:arrow":8,"minecraft:rotten_flesh":5,"minecraft:beetroot_seeds":2,"minecraft:stone_axe":2,"minecraft:hay_block":3,"minecraft:granite":7,"minecraft:mangrove_roots":2,"minecraft:bread":18,"minecraft:oak_sapling":1,"minecraft:coal":18,"minecraft:cobblestone":162,"minecraft:diamond_pickaxe":2},"minecraft:used":{"minecraft:wheat_seeds":1,"minecraft:water_bucket":10,"minecraft:diorite":9,"minecraft:stone_sword":6,"minecraft:stone_pickaxe":76,"minecraft:oak_planks":3,"minecraft:shield":68,"minecraft:wooden_pickaxe":33,"minecraft:cooked_chicken":1,"minecraft:rotten_flesh":6,"minecraft:torch":1,"minecraft:dirt":12,"minecraft:sand":3,"minecraft:jungle_planks":1,"minecraft:wooden_axe":27,"minecraft:dark_oak_planks":9,"minecraft:diamond_pickaxe":17,"minecraft:bread":16,"minecraft:melon_slice":13,"minecraft:bamboo":8,"minecraft:stone_axe":47,"minecraft:jungle_sign":3,"minecraft:cobblestone":7,"minecraft:mangrove_roots":2,"minecraft:furnace":2,"minecraft:oak_sapling":1,"minecraft:bucket":10,"minecraft:andesite":1,"minecraft:egg":1},"minecraft:dropped":{"minecraft:iron_ingot":3,"minecraft:stick":1,"minecraft:turtle_helmet":1,"minecraft:dark_oak_planks":24},"minecraft:mined":{"minecraft:dark_oak_planks":5,"minecraft:granite":7,"minecraft:grass_block":6,"minecraft:melon":11,"minecraft:jungle_planks":1,"minecraft:dead_bush":2,"minecraft:sugar_cane":4,"minecraft:oak_planks":12,"minecraft:diorite":8,"minecraft:wall_torch":1,"minecraft:hay_block":4,"minecraft:iron_ore":4,"minecraft:andesite":9,"minecraft:cave_vines":1,"minecraft:grass":14,"minecraft:oak_log":8,"minecraft:coal_ore":19,"minecraft:cocoa":1,"minecraft:dirt":16,"minecraft:sand":8,"minecraft:bamboo":5,"minecraft:stone":71,"minecraft:oak_leaves":1,"minecraft:fern":3},"minecraft:crafted":{"minecraft:oak_planks":4,"minecraft:furnace":1,"minecraft:stone_axe":1,"minecraft:bread":5,"minecraft:stick":8,"minecraft:dark_oak_planks":28,"minecraft:wheat":27},"minecraft:killed_by":{"minecraft:skeleton":2,"minecraft:creeper":1,"minecraft:zombie":2}},"DataVersion":3120}