{"stats":{"minecraft:killed":{"minecraft:spider":1,"minecraft:skeleton":6,"minecraft:chicken":8,"minecraft:husk":1,"minecraft:pig":1,"minecraft:zombie_villager":1,"minecraft:salmon":5,"minecraft:sheep":7,"minecraft:zombie":8,"minecraft:cow":1},"minecraft:broken":{"minecraft:wooden_pickaxe":1,"minecraft:stone_axe":1},"minecraft:custom":{"minecraft:mob_kills":39,"minecraft:interact_with_crafting_table":41,"minecraft:leave_game":2,"minecraft:time_since_death":20648,"minecraft:climb_one_cm":5086,"minecraft:sprint_one_cm":254750,"minecraft:walk_one_cm":265102,"minecraft:damage_blocked_by_shield":1715,"minecraft:drop":116,"minecraft:play_time":108281,"minecraft:deaths":4,"minecraft:sneak_time":4039,"minecraft:walk_under_water_one_cm":12387,"minecraft:boat_one_cm":114506,"minecraft:jump":2672,"minecraft:walk_on_water_one_cm":23353,"minecraft:total_world_time":108281,"minecraft:interact_with_furnace":25,"minecraft:time_since_rest":20676,"minecraft:damage_taken":2524,"minecraft:damage_dealt":4686,"minecraft:swim_one_cm":51159,"minecraft:fly_one_cm":472271,"minecraft:open_chest":2,"minecraft:crouch_one_cm":12351,"minecraft:fall_one_cm":71218},"minecraft:picked_up":{"minecraft:cocoa_beans":35,"minecraft:crafting_table":8,"minecraft:wheat":35,"minecraft:chicken":7,"minecraft:turtle_helmet":2,"minecraft:wooden_pickaxe":4,"minecraft:shield":2,"minecraft:music_disc_cat":2,"minecraft:string":11,"minecraft:moss_carpet":2,"minecraft:beef":1,"minecraft:oak_boat":1,"minecraft:melon_slice":129,"minecraft:sugar_cane":30,"minecraft:egg":1,"minecraft:furnace":4,"minecraft:stick":49,"minecraft:raw_iron":10,"minecraft:sandstone":25,"minecraft:torch":19,"minecraft:porkchop":3,"minecraft:diorite":49,"minecraft:jungle_sign":1,"minecraft:dark_oak_planks":24,"minecraft:arrow":20,"minecraft:rotten_flesh":14,"minecraft:beetroot_seeds":4,"minecraft:mangrove_roots":2,"minecraft:mutton":13,"minecraft:white_wool":12,"minecraft:cobblestone":267,"minecraft:feather":5,"minecraft:water_bucket":1,"minecraft:salmon":4,"minecraft:jungle_log":31,"minecraft:andesite":11,"minecraft:oak_log":13,"minecraft:gunpowder":2,"minecraft:dirt":74,"minecraft:name_tag":2,"minecraft:bone":5,"minecraft:apple":1,"minecraft:wheat_seeds":34,"minecraft:cooked_chicken":1,"minecraft:iron_ingot":4,"minecraft:stone_pickaxe":3,"minecraft:bamboo":40,"minecraft:oak_planks":19,"minecraft:stone_hoe":1,"minecraft:gravel":2,"minecraft:sand":84,"minecraft:jungle_planks":23,"minecraft:stone_axe":2,"minecraft:diamond_axe":2,"minecraft:crossbow":2,"minecraft:granite":40,"minecraft:dark_oak_fence":1,"minecraft:coal":69},"minecraft:used":{"minecraft:moss_carpet":2,"minecraft:stone_sword":11,"minecraft:shield":19,"minecraft:rotten_flesh":3,"minecraft:cooked_chicken":3,"minecraft:stone_hoe":6,"minecraft:torch":13,"minecraft:dirt":45,"minecraft:mutton":1,"minecraft:jungle_planks":34,"minecraft:granite":7,"minecraft:furnace":4,"minecraft:beetroot_seeds":1,"minecraft:wheat_seeds":11,"minecraft:cooked_mutton":4,"minecraft:water_bucket":9,"minecraft:diorite":22,"minecraft:stone_pickaxe":181,"minecraft:oak_planks":10,"minecraft:wooden_pickaxe":62,"minecraft:sandstone":20,"minecraft:diamond_axe":66,"minecraft:jungle_boat":1,"minecraft:white_wool":3,"minecraft:sand":62,"minecraft:crafting_table":10,"minecraft:crossbow":6,"minecraft:oak_log":1,"minecraft:apple":1,"minecraft:bread":4,"minecraft:melon_slice":40,"minecraft:string":2,"minecraft:gravel":2,"minecraft:stone_axe":103,"minecraft:jungle_sign":1,"minecraft:cobblestone":34,"minecraft:dark_oak_fence":1,"minecraft:bucket":9,"minecraft:andesite":10,"minecraft:oak_boat":2,"minecraft:bone_meal":9},"minecraft:dropped":{"minecraft:stone_hoe":1,"minecraft:iron_ingot":2,"minecraft:bread":5,"minecraft:feather":2,"minecraft:cobblestone":63,"minecraft:jungle_planks":8,"minecraft:torch":1,"minecraft:melon_slice":26,"minecraft:jungle_sign":3,"minecraft:string":3,"minecraft:dark_oak_planks":12,"minecraft:furnace":1,"minecraft:stone_axe":2,"minecraft:sugar_cane":2,"minecraft:mangrove_roots":2,"minecraft:cooked_chicken":2,"minecraft:stone_sword":1,"minecraft:cocoa_beans":6,"minecraft:wheat":2,"minecraft:name_tag":2,"minecraft:turtle_helmet":2,"minecraft:shield":1,"minecraft:beetroot_seeds":1,"minecraft:bamboo":17,"minecraft:arrow":6,"minecraft:stone_pickaxe":2,"minecraft:wooden_pickaxe":1},"minecraft:mined":{"minecraft:farmland":1,"minecraft:jungle_leaves":5,"minecraft:mangrove_roots":2,"minecraft:dark_oak_fence":1,"minecraft:granite":16,"minecraft:grass_block":11,"minecraft:jungle_planks":4,"minecraft:jungle_log":32,"minecraft:sandstone":4,"minecraft:furnace":3,"minecraft:iron_ore":8,"minecraft:andesite":2,"minecraft:vine":5,"minecraft:bamboo":4,"minecraft:stone":136,"minecraft:tripwire":2,"minecraft:jungle_sign":1,"minecraft:crafting_table":7,"minecraft:torch":3,"minecraft:melon":14,"minecraft:cobblestone":5,"minecraft:oak_planks":2,"minecraft:sugar_cane":2,"minecraft:diorite":28,"minecraft:wall_torch":1,"minecraft:wheat":9,"minecraft:grass":30,"minecraft:coal_ore":19,"minecraft:oak_log":12,"minecraft:beetroots":1,"minecraft:cocoa":1,"minecraft:gravel":1,"minecraft:dirt":42,"minecraft:sand":10,"minecraft:oak_leaves":4,"minecraft:fern":9},"minecraft:crafted":{"minecraft:oak_planks":36,"minecraft:cooked_chicken":4,"minecraft:furnace":2,"minecraft:bone_meal":9,"minecraft:cooked_mutton":4,"minecraft:stone_pickaxe":3,"minecraft:stone_hoe":1,"minecraft:crafting_table":3,"minecraft:jungle_boat":1,"minecraft:wooden_pickaxe":2,"minecraft:stone_axe":1,"minecraft:bread":9,"minecraft:air":0,"minecraft:jungle_planks":124,"minecraft:oak_boat":1,"minecraft:charcoal":1,"minecraft:shield":2,"minecraft:stick":24,"minecraft:iron_ingot":6,"minecraft:stone_sword":2,"minecraft:torch":12,"minecraft:jungle_sign":3},"minecraft:killed_by":{"minecraft:creeper":2,"minecraft:skeleton":1,"minecraft:zombie":1}},"DataVersion":3120}