{"stats":{"minecraft:mined":{"minecraft:oak_log":1,"minecraft:oak_planks":1,"minecraft:sugar_cane":1,"minecraft:sand":1},"minecraft:custom":{"minecraft:jump":67,"minecraft:open_chest":1,"minecraft:time_since_rest":3134,"minecraft:leave_game":1,"minecraft:damage_dealt":20,"minecraft:crouch_one_cm":891,"minecraft:sprint_one_cm":7478,"minecraft:play_time":3134,"minecraft:walk_on_water_one_cm":111,"minecraft:time_since_death":3134,"minecraft:walk_one_cm":11385,"minecraft:sneak_time":217,"minecraft:total_world_time":3134,"minecraft:fall_one_cm":1674,"minecraft:fly_one_cm":15012},"minecraft:used":{"minecraft:sand":1},"minecraft:picked_up":{"minecraft:oak_log":1,"minecraft:sand":1,"minecraft:sugar_cane":2,"minecraft:oak_planks":1}},"DataVersion":3120}