{"stats":{"minecraft:picked_up":{"minecraft:crafting_table":15,"minecraft:chicken":2,"minecraft:clay_ball":120,"minecraft:raw_copper":2,"minecraft:iron_leggings":1,"minecraft:cobbled_deepslate":238,"minecraft:beef":13,"minecraft:sugar_cane":15,"minecraft:furnace":3,"minecraft:dark_oak_door":1,"minecraft:stick":9,"minecraft:raw_iron":72,"minecraft:sandstone":14,"minecraft:torch":8,"minecraft:green_bed":1,"minecraft:porkchop":3,"minecraft:redstone":36,"minecraft:rotten_flesh":1,"minecraft:gold_ingot":1,"minecraft:glow_berries":1,"minecraft:cobblestone":310,"minecraft:feather":2,"minecraft:andesite":19,"minecraft:leather":4,"minecraft:dark_oak_boat":3,"minecraft:flint":1,"minecraft:tuff":46,"skilltree:gem":24,"minecraft:lapis_lazuli":48,"minecraft:dirt":11,"minecraft:kelp":11,"minecraft:raw_gold":29,"minecraft:rabbit_hide":2,"minecraft:rabbit":2,"minecraft:moss_block":1,"minecraft:gravel":38,"minecraft:sand":39,"minecraft:dark_oak_log":41,"minecraft:diamond":44,"minecraft:granite":34,"minecraft:coal":103,"minecraft:diamond_pickaxe":1},"minecraft:killed_by":{"minecraft:creeper":1,"minecraft:zombie":1},"minecraft:crafted":{"minecraft:stone_shovel":1,"minecraft:dark_oak_boat":2,"minecraft:furnace":2,"minecraft:diamond_shovel":1,"minecraft:dark_oak_door":3,"minecraft:diamond_helmet":1,"minecraft:diamond_leggings":1,"minecraft:iron_axe":1,"minecraft:stone_pickaxe":3,"minecraft:diamond_boots":1,"minecraft:dark_oak_planks":164,"minecraft:wooden_shovel":1,"minecraft:diamond_sword":2,"minecraft:diamond_axe":1,"minecraft:crafting_table":2,"minecraft:wooden_pickaxe":3,"minecraft:iron_helmet":1,"minecraft:iron_sword":1,"minecraft:bucket":3,"minecraft:stone_axe":1,"minecraft:air":0,"minecraft:iron_chestplate":1,"minecraft:diamond_pickaxe":2,"minecraft:shield":1,"minecraft:stick":96,"minecraft:iron_ingot":41,"minecraft:iron_pickaxe":3,"minecraft:wooden_axe":1,"minecraft:stone_sword":1,"minecraft:iron_leggings":1,"minecraft:torch":8,"minecraft:diamond_chestplate":1},"minecraft:killed":{"minecraft:chicken":2,"minecraft:pig":1,"minecraft:rabbit":2,"minecraft:zombie":3,"minecraft:cow":8},"minecraft:dropped":{"minecraft:moss_block":1,"minecraft:iron_helmet":1,"minecraft:cobblestone":69,"minecraft:leather":4,"minecraft:flint":4,"skilltree:gem":1,"minecraft:iron_leggings":2,"minecraft:iron_pickaxe":2,"minecraft:stone_sword":1,"minecraft:cobbled_deepslate":2,"minecraft:raw_copper":2,"minecraft:rotten_flesh":1,"minecraft:filled_map":1,"minecraft:iron_chestplate":1,"minecraft:diamond_pickaxe":1,"minecraft:andesite":5,"minecraft:stone_pickaxe":2,"minecraft:wooden_pickaxe":3},"minecraft:mined":{"minecraft:tuff":47,"minecraft:dark_oak_leaves":2,"minecraft:deepslate_diamond_ore":44,"minecraft:dark_oak_log":41,"minecraft:granite":34,"minecraft:grass_block":2,"minecraft:moss_block":1,"minecraft:sandstone":12,"minecraft:furnace":3,"minecraft:iron_ore":69,"minecraft:cobbled_deepslate":3,"minecraft:andesite":19,"minecraft:deepslate_lapis_ore":8,"minecraft:cave_vines":1,"minecraft:deepslate_iron_ore":3,"minecraft:stone":246,"minecraft:green_bed":1,"minecraft:deepslate_redstone_ore":8,"minecraft:crafting_table":15,"minecraft:clay":30,"minecraft:torch":3,"minecraft:dead_bush":7,"minecraft:cobblestone":2,"minecraft:deepslate_gold_ore":14,"minecraft:sugar_cane":6,"minecraft:wall_torch":1,"minecraft:deepslate_copper_ore":1,"minecraft:dark_oak_door":1,"minecraft:birch_leaves":1,"minecraft:grass":4,"minecraft:coal_ore":57,"minecraft:dirt":9,"minecraft:sand":20,"minecraft:gravel":34,"minecraft:gold_ore":1,"minecraft:deepslate":245},"minecraft:custom":{"minecraft:mob_kills":16,"minecraft:interact_with_crafting_table":33,"minecraft:bell_ring":2,"minecraft:leave_game":4,"minecraft:time_since_death":25427,"minecraft:climb_one_cm":458,"minecraft:sprint_one_cm":188746,"minecraft:walk_one_cm":143018,"minecraft:drop":33,"minecraft:talked_to_villager":19,"minecraft:play_time":101125,"minecraft:deaths":4,"minecraft:sneak_time":946,"minecraft:walk_under_water_one_cm":11237,"minecraft:jump":989,"minecraft:walk_on_water_one_cm":12885,"minecraft:total_world_time":101125,"minecraft:interact_with_furnace":13,"minecraft:time_since_rest":25455,"minecraft:damage_taken":1407,"minecraft:damage_dealt":1998,"minecraft:swim_one_cm":49724,"minecraft:fly_one_cm":167299,"minecraft:open_chest":7,"minecraft:crouch_one_cm":1033,"minecraft:fall_one_cm":22803},"minecraft:used":{"minecraft:stone_sword":2,"minecraft:stone_shovel":17,"minecraft:iron_sword":23,"minecraft:wooden_shovel":16,"minecraft:cooked_salmon":5,"minecraft:torch":10,"minecraft:dirt":9,"minecraft:diamond_helmet":1,"minecraft:granite":6,"minecraft:axolotl_bucket":1,"minecraft:wooden_axe":13,"minecraft:iron_axe":3,"minecraft:diamond_chestplate":1,"minecraft:dark_oak_boat":3,"minecraft:furnace":3,"minecraft:cobbled_deepslate":23,"minecraft:water_bucket":4,"minecraft:stone_pickaxe":202,"minecraft:wooden_pickaxe":25,"minecraft:diamond_axe":1,"minecraft:crafting_table":14,"minecraft:dark_oak_door":1,"minecraft:diamond_pickaxe":280,"minecraft:diamond_shovel":14,"minecraft:chicken":2,"minecraft:iron_pickaxe":365,"minecraft:gravel":2,"minecraft:golden_leggings":1,"minecraft:stone_axe":19,"minecraft:diamond_sword":8,"minecraft:cobblestone":60,"minecraft:bucket":8,"minecraft:diamond_leggings":1}},"DataVersion":3465}