{"stats":{"minecraft:custom":{"minecraft:mob_kills":15,"minecraft:interact_with_crafting_table":23,"minecraft:bell_ring":35,"minecraft:leave_game":21,"minecraft:time_since_death":1845,"minecraft:sleep_in_bed":13,"minecraft:time_since_rest":1890,"minecraft:sprint_one_cm":393140,"minecraft:damage_taken":4147,"minecraft:walk_one_cm":365631,"minecraft:drop":46,"minecraft:damage_dealt":24842,"minecraft:player_kills":1,"minecraft:swim_one_cm":38591,"minecraft:fly_one_cm":529619,"minecraft:open_chest":24,"minecraft:crouch_one_cm":47639,"minecraft:play_time":235427,"minecraft:sneak_time":21680,"minecraft:deaths":10,"minecraft:walk_under_water_one_cm":23928,"minecraft:jump":2639,"minecraft:walk_on_water_one_cm":20103,"minecraft:fall_one_cm":62335,"minecraft:total_world_time":235427,"minecraft:interact_with_smoker":2},"minecraft:picked_up":{"minecraft:stripped_oak_log":11,"minecraft:crafting_table":16,"minecraft:feather":3,"minecraft:cooked_beef":5,"minecraft:brown_mushroom":2,"minecraft:oak_log":641,"minecraft:yellow_bed":2,"minecraft:gunpowder":7,"minecraft:dirt":37,"minecraft:cooked_mutton":3,"minecraft:wheat_seeds":4,"minecraft:cobbled_deepslate":3,"minecraft:spruce_planks":10,"minecraft:iron_ingot":18,"minecraft:stone_pickaxe":10,"minecraft:iron_pickaxe":8,"minecraft:light_gray_wool":1,"minecraft:chest":6,"minecraft:oak_planks":390,"minecraft:furnace":2,"minecraft:iron_boots":4,"minecraft:egg":3,"minecraft:stick":107,"minecraft:raw_iron":18,"minecraft:sweet_berries":24,"minecraft:oak_fence":3,"minecraft:torch":136,"minecraft:dandelion":9,"minecraft:porkchop":15,"minecraft:spruce_sapling":9,"minecraft:white_bed":5,"minecraft:spruce_log":1,"minecraft:mossy_cobblestone":6,"minecraft:stone_sword":7,"minecraft:arrow":6,"minecraft:rotten_flesh":3,"minecraft:stone_axe":8,"minecraft:hay_block":7,"minecraft:iron_helmet":3,"minecraft:granite":1,"minecraft:golden_apple":1,"minecraft:bread":55,"minecraft:obsidian":2,"minecraft:mutton":32,"the_silence:the_silence_principal_spawn_egg":1,"minecraft:coal":683,"minecraft:white_wool":10,"minecraft:cobblestone":332},"minecraft:dropped":{"minecraft:bread":7,"minecraft:stone_axe":4,"minecraft:sweet_berries":7,"minecraft:wheat_seeds":3,"minecraft:oak_log":64,"minecraft:stone_sword":3,"minecraft:oak_fence":1,"minecraft:cobblestone":2,"minecraft:oak_planks":95,"minecraft:cooked_mutton":1,"minecraft:coal":64,"the_silence:the_silence_principal_spawn_egg":1,"minecraft:stick":63,"minecraft:gold_block":1,"minecraft:dirt":1,"minecraft:redstone_torch":64,"minecraft:stone_pickaxe":3,"minecraft:iron_pickaxe":3,"minecraft:netherrack":1,"minecraft:spruce_sapling":3},"minecraft:used":{"minecraft:cooked_mutton":2,"minecraft:oak_fence":47,"minecraft:stone_sword":269,"minecraft:stone_pickaxe":99,"minecraft:oak_planks":235,"minecraft:torch":8,"minecraft:mossy_cobblestone":1,"minecraft:dirt":24,"minecraft:crafting_table":8,"minecraft:white_bed":4,"minecraft:granite":1,"minecraft:spruce_fence":3,"minecraft:bread":27,"minecraft:iron_pickaxe":202,"minecraft:iron_boots":1,"the_silence:the_silence_principal_spawn_egg":1,"minecraft:light_gray_wool":1,"minecraft:stone_axe":261,"minecraft:cobblestone":59,"minecraft:sweet_berries":17,"minecraft:gold_block":8,"minecraft:yellow_bed":2,"minecraft:egg":1,"minecraft:cooked_beef":2},"minecraft:killed":{"minecraft:pig":1,"minecraft:zombie_villager":1,"sanitydim:sneaking_terror":3,"minecraft:skeleton":1,"minecraft:sheep":6,"minecraft:zombie":3},"minecraft:mined":{"minecraft:white_bed":4,"minecraft:mossy_cobblestone":3,"minecraft:oak_fence":3,"minecraft:crafting_table":4,"minecraft:torch":4,"minecraft:granite":1,"minecraft:grass_block":7,"minecraft:chest":2,"minecraft:tall_grass":4,"minecraft:cobblestone":42,"minecraft:spruce_leaves":18,"minecraft:oak_planks":35,"minecraft:wall_torch":13,"minecraft:large_fern":2,"minecraft:hay_block":7,"minecraft:iron_ore":12,"minecraft:sweet_berry_bush":7,"minecraft:birch_leaves":1,"minecraft:yellow_bed":2,"minecraft:grass":51,"minecraft:coal_ore":191,"minecraft:oak_log":138,"minecraft:deepslate_iron_ore":4,"minecraft:dirt":26,"minecraft:stripped_oak_log":9,"minecraft:stone":43,"minecraft:oak_leaves":11,"minecraft:deepslate":3,"minecraft:fern":3},"minecraft:broken":{"minecraft:stone_sword":2,"minecraft:stone_axe":2},"minecraft:crafted":{"minecraft:oak_planks":372,"minecraft:crafting_table":2,"minecraft:spruce_planks":4,"minecraft:spruce_fence":3,"minecraft:stone_axe":4,"minecraft:bread":21,"minecraft:stick":72,"minecraft:stone_pickaxe":2,"minecraft:iron_pickaxe":1,"minecraft:stone_sword":3,"minecraft:chest":1,"minecraft:white_bed":1,"minecraft:torch":36,"minecraft:oak_fence":45,"minecraft:wheat":63},"minecraft:killed_by":{"sanitydim:sneaking_terror":1,"the_silence:the_silence_principal":1,"minecraft:player":1,"minecraft:zombie":1,"minecraft:iron_golem":1,"sanitydim:rotting_stalker":1}},"DataVersion":3120}