{"stats":{"minecraft:picked_up":{"minecraft:leather_chestplate":2,"minecraft:crafting_table":3,"minecraft:feather":3,"minecraft:cooked_beef":13,"minecraft:chicken":6,"minecraft:brown_wool":2,"minecraft:leather":9,"minecraft:wooden_pickaxe":3,"minecraft:cooked_rabbit":2,"minecraft:filled_map":3,"minecraft:golden_shovel":1,"minecraft:tuff":2,"minecraft:oak_log":17,"minecraft:golden_boots":6,"minecraft:shield":4,"minecraft:string":1,"skilltree:gem":14,"minecraft:dirt":123,"minecraft:paper":13,"minecraft:wooden_sword":3,"minecraft:cooked_mutton":11,"minecraft:leather_boots":3,"minecraft:bone":1,"minecraft:bow":1,"minecraft:wheat_seeds":13,"minecraft:cobbled_deepslate":25,"minecraft:beef":7,"minecraft:cooked_chicken":5,"minecraft:iron_ingot":10,"minecraft:stone_pickaxe":13,"minecraft:iron_nugget":13,"minecraft:iron_pickaxe":2,"slashblade:slashblade":13,"minecraft:phantom_membrane":2,"slashblade:proudsoul_tiny":3,"minecraft:stick":13,"minecraft:raw_iron":14,"minecraft:cooked_porkchop":2,"minecraft:torch":3,"minecraft:porkchop":14,"minecraft:cherry_log":5,"minecraft:grass_block":2,"twm:titanite_scrap":2,"minecraft:carrot":3,"minecraft:dark_oak_log":102,"minecraft:golden_chestplate":2,"minecraft:dark_oak_planks":260,"minecraft:stone_sword":2,"slashblade:proudsoul":6,"minecraft:arrow":6,"minecraft:rotten_flesh":4,"minecraft:stone_axe":6,"minecraft:iron_helmet":2,"minecraft:gray_wool":2,"minecraft:emerald":11,"minecraft:oak_sapling":1,"minecraft:obsidian":20,"minecraft:mutton":8,"minecraft:white_wool":13,"minecraft:coal":73,"minecraft:cobblestone":101},"minecraft:broken":{"minecraft:golden_shovel":1,"slashblade:slashblade":4},"minecraft:killed_by":{"minecraft:zombie":1},"minecraft:crafted":{"minecraft:cooked_beef":5,"minecraft:wooden_sword":1,"minecraft:oak_planks":4,"minecraft:cooked_porkchop":5,"minecraft:crafting_table":2,"slashblade:slashblade":1,"minecraft:wooden_pickaxe":1,"minecraft:cooked_chicken":6,"minecraft:furnace":1,"minecraft:stone_axe":2,"minecraft:cooked_mutton":1,"minecraft:air":0,"minecraft:stick":12,"minecraft:stone_pickaxe":2,"minecraft:stone_sword":1,"minecraft:dark_oak_planks":68},"minecraft:killed":{"minecraft:pig":5,"minecraft:spider":4,"minecraft:phantom":3,"minecraft:skeleton":3,"minecraft:horse":1,"minecraft:sheep":5,"minecraft:goat":2,"minecraft:donkey":1,"minecraft:zombie":4,"minecraft:chicken":1,"minecraft:enderman":2,"minecraft:cow":3},"minecraft:mined":{"minecraft:tuff":2,"minecraft:oak_sapling":1,"minecraft:dark_oak_leaves":9,"minecraft:cherry_log":5,"minecraft:dark_oak_log":56,"minecraft:powder_snow":10,"minecraft:torch":3,"minecraft:crafting_table":1,"minecraft:grass_block":6,"minecraft:tall_grass":2,"minecraft:fire":1,"minecraft:dirt_path":1,"minecraft:grass":15,"minecraft:oak_log":11,"minecraft:coal_ore":20,"minecraft:deepslate_iron_ore":7,"minecraft:dirt":10,"minecraft:stone":51,"minecraft:deepslate":11},"minecraft:dropped":{"minecraft:golden_boots":1,"minecraft:iron_ingot":10,"witherstormmod:command_block_book":1,"minecraft:wheat_seeds":5,"minecraft:cherry_log":5,"slashblade:proudsoul":2,"minecraft:oak_log":4,"minecraft:cobbled_deepslate":10,"minecraft:crafting_table":1,"minecraft:raw_iron":1,"minecraft:obsidian":20,"minecraft:cobblestone":2,"minecraft:feather":2,"minecraft:rotten_flesh":2,"minecraft:carrot":1,"minecraft:filled_map":1,"minecraft:gray_wool":1,"minecraft:dark_oak_log":2,"minecraft:brown_wool":2,"slashblade:slashblade":6,"skilltree:gem":3,"minecraft:leather_boots":2,"minecraft:wooden_sword":2,"minecraft:phantom_membrane":2,"minecraft:bow":1,"minecraft:wooden_pickaxe":3,"minecraft:paper":6,"minecraft:dark_oak_planks":11,"slashblade:proudsoul_tiny":2},"minecraft:custom":{"minecraft:interact_with_furnace":37,"minecraft:mob_kills":36,"minecraft:interact_with_crafting_table":25,"minecraft:leave_game":1,"minecraft:time_since_death":20845,"minecraft:time_since_rest":20883,"minecraft:sprint_one_cm":586662,"minecraft:damage_taken":3068,"minecraft:walk_one_cm":515954,"minecraft:drop":50,"minecraft:damage_dealt":5309,"minecraft:swim_one_cm":107178,"minecraft:fly_one_cm":521221,"minecraft:open_chest":11,"minecraft:crouch_one_cm":45363,"minecraft:play_time":149727,"minecraft:deaths":5,"minecraft:sneak_time":12104,"minecraft:walk_under_water_one_cm":53197,"minecraft:boat_one_cm":423815,"minecraft:jump":976,"minecraft:walk_on_water_one_cm":27178,"minecraft:total_world_time":149727,"minecraft:fall_one_cm":68494},"minecraft:used":{"minecraft:golden_boots":2,"minecraft:cooked_mutton":6,"minecraft:stone_sword":11,"minecraft:stone_pickaxe":78,"minecraft:wooden_pickaxe":51,"minecraft:rotten_flesh":1,"minecraft:cooked_chicken":8,"minecraft:dirt":2,"minecraft:crafting_table":2,"minecraft:carrot":2,"minecraft:golden_shovel":40,"minecraft:dark_oak_log":4,"minecraft:iron_pickaxe":6,"slashblade:slashblade":499,"minecraft:map":1,"minecraft:iron_helmet":1,"minecraft:stone_axe":79,"minecraft:furnace":1,"minecraft:cooked_porkchop":4,"minecraft:cooked_rabbit":1,"minecraft:cooked_beef":7}},"DataVersion":3465}