{"stats":{"minecraft:killed":{"minecraft:creeper":1,"minecraft:phantom":1},"minecraft:picked_up":{"minecraft:salmon":2,"minecraft:gunpowder":1,"minecraft:dirt":2,"minecraft:name_tag":1,"minecraft:rotten_flesh":2,"minecraft:stone_axe":1,"minecraft:stone_pickaxe":2,"minecraft:iron_pickaxe":1,"minecraft:mutton":2,"minecraft:stone_hoe":1,"minecraft:cobblestone":1},"minecraft:custom":{"minecraft:time_since_rest":103710,"minecraft:sprint_one_cm":13604,"minecraft:damage_taken":10,"minecraft:walk_one_cm":33633,"minecraft:mob_kills":2,"minecraft:drop":16,"minecraft:damage_dealt":384,"minecraft:fly_one_cm":794459,"minecraft:open_chest":2,"minecraft:crouch_one_cm":3214,"minecraft:play_time":103710,"minecraft:sneak_time":2036,"minecraft:walk_under_water_one_cm":36602,"minecraft:jump":172,"minecraft:leave_game":1,"minecraft:time_since_death":103710,"minecraft:walk_on_water_one_cm":28113,"minecraft:climb_one_cm":703,"minecraft:total_world_time":103710},"minecraft:used":{"minecraft:creeper_spawn_egg":1,"minecraft:netherite_block":3,"minecraft:iron_block":3,"minecraft:grass_block":4,"minecraft:stone":21,"minecraft:diamond_block":72,"minecraft:bow":29,"minecraft:splash_potion":10},"minecraft:dropped":{"minecraft:water_bucket":2,"minecraft:bread":7,"minecraft:turtle_helmet":1,"minecraft:gunpowder":1,"minecraft:diamond_axe":1,"minecraft:diamond_pickaxe":1,"minecraft:wooden_axe":1,"minecraft:wooden_pickaxe":1,"minecraft:iron_pickaxe":1}},"DataVersion":3120}