{"stats":{"minecraft:killed_by":{"minecraft:zombie":1},"minecraft:custom":{"minecraft:time_since_rest":3603,"minecraft:crouch_one_cm":146,"minecraft:damage_taken":450,"minecraft:play_time":30395,"minecraft:sprint_one_cm":36711,"minecraft:walk_one_cm":27595,"minecraft:deaths":1,"minecraft:sneak_time":42,"minecraft:walk_under_water_one_cm":2104,"minecraft:drop":3,"minecraft:jump":252,"minecraft:damage_dealt":189,"minecraft:leave_game":10,"minecraft:time_since_death":13077,"minecraft:walk_on_water_one_cm":4377,"minecraft:sleep_in_bed":1,"minecraft:total_world_time":30395,"minecraft:swim_one_cm":6463,"minecraft:interact_with_crafting_table":1,"minecraft:fall_one_cm":4627,"minecraft:fly_one_cm":56710},"minecraft:dropped":{"minecraft:spruce_sapling":3},"minecraft:crafted":{"minecraft:oak_planks":4,"minecraft:crafting_table":1,"minecraft:bread":21,"minecraft:wheat":63},"minecraft:picked_up":{"minecraft:stick":2,"minecraft:spruce_planks":2,"minecraft:hay_block":7,"minecraft:oak_log":1,"minecraft:spruce_sapling":9,"minecraft:yellow_bed":1},"minecraft:used":{"minecraft:crafting_table":1,"minecraft:bread":2,"minecraft:yellow_bed":1},"minecraft:mined":{"minecraft:hay_block":7,"minecraft:grass":5,"minecraft:oak_log":1,"minecraft:spruce_leaves":12,"minecraft:yellow_bed":1}},"DataVersion":3120}