{"stats":{"minecraft:crafted":{"minecraft:oak_planks":12},"minecraft:custom":{"minecraft:time_since_rest":4697,"minecraft:crouch_one_cm":360,"minecraft:sprint_one_cm":10697,"minecraft:play_time":4697,"minecraft:damage_taken":190,"minecraft:walk_one_cm":10055,"minecraft:sneak_time":215,"minecraft:walk_under_water_one_cm":533,"minecraft:mob_kills":2,"minecraft:jump":116,"minecraft:damage_dealt":415,"minecraft:leave_game":2,"minecraft:walk_on_water_one_cm":516,"minecraft:time_since_death":4697,"minecraft:total_world_time":4697,"minecraft:fly_one_cm":21121,"minecraft:fall_one_cm":2775},"minecraft:picked_up":{"minecraft:rotten_flesh":1,"minecraft:oak_log":3,"minecraft:sugar_cane":12,"minecraft:string":1},"minecraft:killed":{"minecraft:spider":1,"minecraft:zombie":1},"minecraft:mined":{"minecraft:large_fern":4,"minecraft:grass":2,"minecraft:oak_log":3,"minecraft:azalea_leaves":1,"minecraft:sugar_cane":4,"minecraft:fern":2},"minecraft:used":{"minecraft:netherite_sword":2}},"DataVersion":3120}