{"stats":{"minecraft:custom":{"minecraft:jump":217,"minecraft:time_since_rest":13670,"minecraft:walk_on_water_one_cm":62,"minecraft:damage_dealt":133,"minecraft:damage_taken":145,"minecraft:leave_game":3,"minecraft:sprint_one_cm":28186,"minecraft:play_time":13670,"minecraft:walk_one_cm":11590,"minecraft:time_since_death":13670,"minecraft:damage_absorbed":60,"minecraft:total_world_time":13670,"minecraft:mob_kills":1,"minecraft:fall_one_cm":7937,"minecraft:fly_one_cm":63304},"minecraft:killed":{"minecraft:chicken":1},"minecraft:picked_up":{"minecraft:feather":2,"minecraft:chicken":1,"minecraft:oak_sapling":1,"minecraft:egg":1},"minecraft:used":{"minecraft:golden_apple":14},"minecraft:mined":{"minecraft:oak_leaves":6}},"DataVersion":3465}