{"stats":{"minecraft:custom":{"minecraft:mob_kills":8,"minecraft:interact_with_crafting_table":11,"minecraft:bell_ring":35,"minecraft:leave_game":16,"minecraft:time_since_death":56956,"minecraft:sleep_in_bed":6,"minecraft:time_since_rest":12031,"minecraft:sprint_one_cm":262053,"minecraft:damage_taken":1273,"minecraft:walk_one_cm":198084,"minecraft:drop":10,"minecraft:damage_dealt":1796,"minecraft:swim_one_cm":36957,"minecraft:fly_one_cm":269685,"minecraft:open_chest":3,"minecraft:crouch_one_cm":5106,"minecraft:play_time":109015,"minecraft:deaths":2,"minecraft:sneak_time":1893,"minecraft:walk_under_water_one_cm":3781,"minecraft:jump":1484,"minecraft:walk_on_water_one_cm":9959,"minecraft:total_world_time":109015,"minecraft:fall_one_cm":31493},"minecraft:crafted":{"minecraft:oak_planks":116,"minecraft:crafting_table":2,"minecraft:spruce_planks":4,"minecraft:stone_axe":2,"minecraft:bread":21,"minecraft:stick":32,"minecraft:stone_pickaxe":2,"minecraft:iron_pickaxe":1,"minecraft:stone_sword":2,"minecraft:white_bed":1,"minecraft:torch":36,"minecraft:wheat":63},"minecraft:used":{"minecraft:stone_sword":6,"minecraft:stone_pickaxe":59,"minecraft:torch":5,"minecraft:dirt":4,"minecraft:crafting_table":3,"minecraft:white_bed":2,"minecraft:bread":21,"minecraft:iron_pickaxe":184,"minecraft:stone_axe":146,"minecraft:light_gray_wool":1,"minecraft:cobblestone":22,"minecraft:sweet_berries":10,"minecraft:gold_block":8,"minecraft:yellow_bed":2},"minecraft:killed":{"minecraft:pig":1,"minecraft:skeleton":1,"minecraft:sheep":6},"minecraft:mined":{"minecraft:white_bed":2,"minecraft:mossy_cobblestone":3,"minecraft:crafting_table":3,"minecraft:torch":2,"minecraft:grass_block":4,"minecraft:chest":2,"minecraft:tall_grass":3,"minecraft:cobblestone":21,"minecraft:spruce_leaves":18,"minecraft:oak_planks":1,"minecraft:wall_torch":12,"minecraft:large_fern":2,"minecraft:hay_block":7,"minecraft:iron_ore":2,"minecraft:sweet_berry_bush":7,"minecraft:yellow_bed":2,"minecraft:grass":44,"minecraft:oak_log":133,"minecraft:coal_ore":191,"minecraft:dirt":5,"minecraft:stripped_oak_log":9,"minecraft:stone":26,"minecraft:oak_leaves":9,"minecraft:fern":3},"minecraft:picked_up":{"minecraft:stripped_oak_log":11,"minecraft:crafting_table":6,"minecraft:feather":2,"minecraft:brown_mushroom":1,"minecraft:oak_log":195,"minecraft:yellow_bed":2,"minecraft:dirt":7,"minecraft:wheat_seeds":4,"minecraft:spruce_planks":2,"minecraft:iron_ingot":3,"minecraft:iron_pickaxe":1,"minecraft:light_gray_wool":1,"minecraft:chest":4,"minecraft:oak_planks":108,"minecraft:egg":2,"minecraft:stick":2,"minecraft:raw_iron":2,"minecraft:sweet_berries":17,"minecraft:oak_fence":1,"minecraft:torch":35,"minecraft:dandelion":6,"minecraft:porkchop":10,"minecraft:spruce_sapling":9,"minecraft:white_bed":2,"minecraft:spruce_log":1,"minecraft:mossy_cobblestone":3,"minecraft:arrow":2,"minecraft:stone_axe":1,"minecraft:hay_block":7,"minecraft:bread":12,"minecraft:mutton":14,"minecraft:coal":191,"minecraft:cobblestone":55,"minecraft:white_wool":8},"minecraft:killed_by":{"minecraft:zombie":1,"minecraft:iron_golem":1},"minecraft:dropped":{"minecraft:wheat_seeds":3,"minecraft:oak_fence":1,"minecraft:gold_block":1,"minecraft:redstone_torch":64,"minecraft:netherrack":1,"minecraft:spruce_sapling":3},"minecraft:broken":{"minecraft:stone_axe":1}},"DataVersion":3120}