{"stats":{"minecraft:custom":{"minecraft:jump":49,"minecraft:time_since_rest":1560,"minecraft:leave_game":1,"minecraft:damage_dealt":60,"minecraft:crouch_one_cm":266,"minecraft:sprint_one_cm":5718,"minecraft:play_time":1560,"minecraft:walk_on_water_one_cm":516,"minecraft:time_since_death":1560,"minecraft:walk_one_cm":1184,"minecraft:sneak_time":185,"minecraft:total_world_time":1560,"minecraft:walk_under_water_one_cm":533,"minecraft:fall_one_cm":1730,"minecraft:fly_one_cm":9010},"minecraft:picked_up":{"minecraft:oak_log":3,"minecraft:sugar_cane":12},"minecraft:mined":{"minecraft:azalea_leaves":1,"minecraft:oak_log":3,"minecraft:sugar_cane":4}},"DataVersion":3120}