{"stats":{"minecraft:killed_by":{"minecraft:iron_golem":1,"minecraft:zombie":1},"minecraft:killed":{"minecraft:sheep":3,"minecraft:pig":1},"minecraft:custom":{"minecraft:time_since_rest":13813,"minecraft:sprint_one_cm":106226,"minecraft:damage_taken":1048,"minecraft:walk_one_cm":107115,"minecraft:mob_kills":4,"minecraft:drop":5,"minecraft:damage_dealt":1306,"minecraft:swim_one_cm":6463,"minecraft:interact_with_crafting_table":7,"minecraft:fly_one_cm":138413,"minecraft:open_chest":2,"minecraft:crouch_one_cm":4045,"minecraft:play_time":65831,"minecraft:deaths":2,"minecraft:bell_ring":35,"minecraft:sneak_time":1414,"minecraft:walk_under_water_one_cm":2104,"minecraft:jump":794,"minecraft:leave_game":15,"minecraft:time_since_death":13772,"minecraft:walk_on_water_one_cm":4397,"minecraft:sleep_in_bed":3,"minecraft:total_world_time":65831,"minecraft:fall_one_cm":17560},"minecraft:dropped":{"minecraft:oak_fence":1,"minecraft:redstone_torch":64,"minecraft:spruce_sapling":3},"minecraft:crafted":{"minecraft:oak_planks":116,"minecraft:crafting_table":2,"minecraft:stick":4,"minecraft:iron_pickaxe":1,"minecraft:stone_axe":1,"minecraft:bread":21,"minecraft:wheat":63},"minecraft:picked_up":{"minecraft:stripped_oak_log":11,"minecraft:stick":2,"minecraft:crafting_table":3,"minecraft:feather":2,"minecraft:oak_fence":1,"minecraft:torch":33,"minecraft:dandelion":6,"minecraft:porkchop":10,"minecraft:oak_log":130,"minecraft:spruce_sapling":9,"minecraft:yellow_bed":2,"minecraft:mossy_cobblestone":2,"minecraft:dirt":3,"minecraft:stone_axe":1,"minecraft:wheat_seeds":2,"minecraft:spruce_planks":2,"minecraft:hay_block":7,"minecraft:iron_ingot":3,"minecraft:bread":12,"minecraft:iron_pickaxe":1,"minecraft:chest":4,"minecraft:mutton":10,"minecraft:oak_planks":108,"minecraft:white_wool":6,"minecraft:cobblestone":23,"minecraft:egg":2},"minecraft:used":{"minecraft:bread":9,"minecraft:iron_pickaxe":23,"minecraft:stone_axe":66,"minecraft:crafting_table":1,"minecraft:gold_block":8,"minecraft:yellow_bed":2},"minecraft:mined":{"minecraft:hay_block":7,"minecraft:mossy_cobblestone":2,"minecraft:yellow_bed":2,"minecraft:crafting_table":1,"minecraft:torch":2,"minecraft:grass":36,"minecraft:grass_block":1,"minecraft:oak_log":66,"minecraft:chest":2,"minecraft:dirt":1,"minecraft:stripped_oak_log":9,"minecraft:tall_grass":2,"minecraft:cobblestone":21,"minecraft:spruce_leaves":12,"minecraft:oak_planks":1,"minecraft:wall_torch":10}},"DataVersion":3120}