{"stats":{"minecraft:killed":{"minecraft:spider":1,"minecraft:sheep":3,"minecraft:zombie":8,"minecraft:chicken":4,"minecraft:cow":1},"minecraft:crafted":{"minecraft:cooked_beef":3,"minecraft:glass_bottle":3,"minecraft:oak_planks":28,"minecraft:crafting_table":1,"minecraft:spruce_planks":124,"minecraft:wooden_pickaxe":1,"minecraft:cooked_chicken":4,"minecraft:furnace":1,"minecraft:stone_axe":1,"minecraft:cooked_mutton":2,"minecraft:air":0,"minecraft:oak_boat":1,"minecraft:glass":22,"minecraft:stick":12,"minecraft:stone_pickaxe":1,"minecraft:stone_sword":1,"minecraft:torch":4},"minecraft:killed_by":{"minecraft:player":1},"minecraft:custom":{"minecraft:interact_with_furnace":24,"minecraft:mob_kills":17,"minecraft:interact_with_crafting_table":13,"minecraft:leave_game":5,"minecraft:time_since_death":684,"minecraft:time_since_rest":714,"minecraft:sprint_one_cm":146468,"minecraft:walk_one_cm":94585,"minecraft:damage_taken":1168,"minecraft:damage_absorbed":139,"minecraft:drop":7,"minecraft:damage_dealt":2290,"minecraft:swim_one_cm":21853,"minecraft:fly_one_cm":136766,"minecraft:crouch_one_cm":1937,"minecraft:play_time":80009,"minecraft:deaths":3,"minecraft:sneak_time":1336,"minecraft:walk_under_water_one_cm":5163,"minecraft:jump":1261,"minecraft:walk_on_water_one_cm":3758,"minecraft:total_world_time":80009,"minecraft:fall_one_cm":25476},"minecraft:used":{"minecraft:moss_block":1,"minecraft:stone_sword":38,"minecraft:glass_bottle":14,"minecraft:stone_pickaxe":113,"minecraft:wooden_pickaxe":24,"minecraft:cooked_chicken":2,"minecraft:torch":4,"minecraft:golden_apple":18,"minecraft:dirt":11,"minecraft:sand":4,"minecraft:crafting_table":3,"minecraft:stone_axe":96,"minecraft:cobblestone":11,"minecraft:potion":11,"minecraft:furnace":3,"minecraft:oak_boat":1,"minecraft:cooked_beef":2},"minecraft:picked_up":{"minecraft:crafting_table":4,"minecraft:feather":8,"minecraft:cooked_beef":3,"minecraft:chicken":4,"minecraft:yellow_wool":2,"minecraft:potion":3,"minecraft:oak_log":115,"minecraft:string":2,"minecraft:dirt":32,"minecraft:glass":19,"minecraft:beef":3,"minecraft:stone_pickaxe":1,"minecraft:cooked_chicken":2,"minecraft:calcite":9,"minecraft:moss_block":3,"minecraft:oak_planks":39,"minecraft:furnace":3,"minecraft:egg":4,"minecraft:stick":4,"minecraft:torch":5,"minecraft:red_wool":2,"minecraft:sand":71,"minecraft:spruce_log":31,"minecraft:stone_sword":1,"minecraft:rotten_flesh":20,"minecraft:stone_axe":1,"minecraft:oak_sapling":4,"minecraft:black_wool":2,"minecraft:mutton":3,"minecraft:coal":64,"minecraft:cobblestone":171},"minecraft:dropped":{"minecraft:rotten_flesh":4,"minecraft:oak_planks":24,"minecraft:golden_apple":46,"minecraft:wooden_pickaxe":1},"minecraft:mined":{"horror_element_mod:spiked_body":1,"minecraft:crafting_table":3,"minecraft:torch":1,"minecraft:calcite":9,"minecraft:grass_block":4,"minecraft:cobblestone":10,"minecraft:moss_block":3,"minecraft:furnace":2,"minecraft:spruce_log":31,"minecraft:grass":2,"minecraft:coal_ore":26,"minecraft:oak_log":59,"minecraft:sand":31,"minecraft:dirt":10,"minecraft:stone":89,"minecraft:oak_leaves":13}},"DataVersion":3465}