{"stats":{"minecraft:custom":{"minecraft:jump":83,"minecraft:damage_taken":45,"minecraft:time_since_rest":16389,"minecraft:crouch_one_cm":39,"minecraft:damage_dealt":129,"minecraft:leave_game":2,"minecraft:play_time":16389,"minecraft:sprint_one_cm":10424,"minecraft:time_since_death":16389,"minecraft:walk_one_cm":9706,"minecraft:sneak_time":16,"minecraft:total_world_time":16389,"minecraft:fall_one_cm":2148,"minecraft:fly_one_cm":12946},"minecraft:mined":{"minecraft:grass":4,"minecraft:spruce_leaves":11},"minecraft:picked_up":{"minecraft:stick":2,"minecraft:spruce_sapling":6,"minecraft:spruce_planks":2}},"DataVersion":3120}