{"stats":{"minecraft:custom":{"minecraft:time_since_rest":725,"minecraft:crouch_one_cm":470,"minecraft:play_time":13315,"minecraft:sprint_one_cm":8001,"minecraft:deaths":1,"minecraft:damage_taken":240,"minecraft:walk_one_cm":10112,"minecraft:sneak_time":497,"minecraft:jump":65,"minecraft:damage_dealt":249,"minecraft:time_since_death":626,"minecraft:total_world_time":13315,"minecraft:interact_with_crafting_table":1,"minecraft:fall_one_cm":1524,"minecraft:fly_one_cm":9055,"minecraft:player_kills":1},"minecraft:crafted":{"minecraft:wooden_sword":1,"minecraft:crafting_table":1,"minecraft:spruce_planks":12,"minecraft:stick":4},"minecraft:used":{"minecraft:wooden_sword":8,"minecraft:dirt":3,"minecraft:crafting_table":1,"minecraft:spruce_planks":2,"minecraft:spruce_log":5},"minecraft:mined":{"minecraft:grass_block":2,"minecraft:dirt":3,"minecraft:spruce_leaves":6,"minecraft:spruce_log":9},"minecraft:picked_up":{"minecraft:spruce_log":9,"minecraft:dirt":5},"minecraft:killed_by":{"minecraft:zombie":1}},"DataVersion":3120}