{"stats":{"minecraft:custom":{"minecraft:mob_kills":15,"minecraft:interact_with_crafting_table":23,"minecraft:bell_ring":39,"minecraft:leave_game":8,"minecraft:time_since_death":2382,"minecraft:sprint_one_cm":614107,"minecraft:walk_one_cm":512529,"minecraft:drop":21,"minecraft:talked_to_villager":1,"minecraft:play_time":219951,"minecraft:deaths":9,"minecraft:sneak_time":26939,"minecraft:walk_under_water_one_cm":14732,"minecraft:jump":3118,"minecraft:interact_with_blast_furnace":8,"minecraft:walk_on_water_one_cm":30871,"minecraft:total_world_time":219951,"minecraft:sleep_in_bed":18,"minecraft:time_since_rest":2408,"minecraft:damage_taken":3788,"minecraft:damage_dealt":6451,"minecraft:swim_one_cm":4392,"minecraft:fly_one_cm":445220,"minecraft:player_kills":4,"minecraft:open_chest":52,"minecraft:crouch_one_cm":93900,"minecraft:interact_with_smoker":4,"minecraft:fall_one_cm":76640},"minecraft:picked_up":{"minecraft:wooden_axe":3,"minecraft:iron_chestplate":1,"minecraft:crafting_table":10,"minecraft:brown_mushroom":6,"minecraft:oak_stairs":1,"minecraft:gold_block":2,"minecraft:raw_copper":48,"minecraft:iron_axe":5,"minecraft:iron_leggings":1,"minecraft:cobbled_deepslate":2,"minecraft:bucket":1,"minecraft:beef":9,"minecraft:poppy":1,"minecraft:iron_pickaxe":9,"minecraft:sugar_cane":18,"minecraft:chest":7,"minecraft:egg":2,"minecraft:iron_boots":3,"minecraft:furnace":8,"minecraft:stick":67,"minecraft:raw_iron":19,"minecraft:oak_fence":3,"minecraft:torch":107,"minecraft:porkchop":13,"minecraft:diorite":3,"minecraft:stone_sword":5,"minecraft:arrow":2,"minecraft:hay_block":34,"minecraft:mutton":10,"minecraft:cobblestone":373,"minecraft:white_wool":5,"minecraft:stripped_oak_log":20,"minecraft:feather":2,"minecraft:cooked_beef":24,"minecraft:water_bucket":3,"minecraft:andesite":1,"minecraft:leather":3,"minecraft:smoker":2,"minecraft:oak_log":656,"minecraft:yellow_bed":9,"minecraft:gunpowder":2,"minecraft:dirt":63,"minecraft:wheat_seeds":14,"minecraft:stone_pickaxe":7,"minecraft:grindstone":2,"minecraft:iron_ingot":50,"minecraft:stripped_oak_wood":4,"minecraft:oak_planks":249,"minecraft:sweet_berries":14,"minecraft:dandelion":3,"minecraft:oak_pressure_plate":1,"minecraft:gravel":12,"minecraft:blast_furnace":3,"minecraft:white_bed":9,"minecraft:spruce_log":9,"minecraft:mossy_cobblestone":4,"minecraft:stone_axe":3,"minecraft:golden_apple":3,"minecraft:bread":121,"minecraft:coal":624,"the_silence:the_silence_principal_spawn_egg":1},"minecraft:dropped":{"minecraft:iron_ingot":3,"minecraft:porkchop":4,"minecraft:cooked_beef":10,"minecraft:oak_log":64,"minecraft:oak_fence":2,"minecraft:cobblestone":1,"minecraft:stick":27,"minecraft:dirt":20,"minecraft:oak_stairs":1,"minecraft:iron_axe":2,"minecraft:iron_pickaxe":3,"minecraft:bucket":1,"minecraft:stone_axe":1,"minecraft:stone_sword":1,"minecraft:raw_copper":5,"minecraft:stone_pickaxe":1},"minecraft:used":{"minecraft:oak_fence":1,"minecraft:poppy":1,"minecraft:chest":15,"minecraft:spruce_planks":2,"minecraft:oak_door":2,"minecraft:torch":67,"minecraft:dirt":24,"minecraft:wooden_axe":64,"minecraft:iron_axe":332,"minecraft:iron_boots":1,"the_silence:the_silence_principal_spawn_egg":1,"minecraft:hay_block":8,"minecraft:furnace":2,"minecraft:powder_snow_bucket":3,"minecraft:iron_leggings":1,"minecraft:water_bucket":41,"minecraft:oak_planks":295,"minecraft:mossy_cobblestone":4,"minecraft:crafting_table":8,"minecraft:blast_furnace":2,"minecraft:white_bed":6,"minecraft:spruce_log":5,"minecraft:smoker":2,"minecraft:bread":38,"minecraft:iron_pickaxe":631,"minecraft:oak_pressure_plate":1,"minecraft:wooden_sword":8,"minecraft:cobblestone":301,"minecraft:bucket":45,"minecraft:yellow_bed":8},"minecraft:killed":{"minecraft:pig":3,"minecraft:iron_golem":5,"minecraft:creeper":1,"minecraft:sheep":1,"minecraft:cow":4},"minecraft:mined":{"minecraft:white_bed":6,"minecraft:mossy_cobblestone":2,"minecraft:grass_block":23,"minecraft:oak_pressure_plate":1,"minecraft:spruce_leaves":17,"minecraft:hay_block":23,"minecraft:furnace":4,"minecraft:iron_ore":11,"minecraft:andesite":1,"minecraft:gold_block":1,"minecraft:deepslate_iron_ore":2,"minecraft:oak_stairs":1,"minecraft:stripped_oak_log":23,"minecraft:stone":289,"minecraft:white_wool":2,"minecraft:brown_mushroom":2,"minecraft:smoker":1,"minecraft:powder_snow":3,"minecraft:oak_fence":3,"minecraft:crafting_table":6,"minecraft:torch":13,"minecraft:blast_furnace":2,"minecraft:chest":5,"minecraft:tall_grass":3,"minecraft:copper_ore":11,"minecraft:cobblestone":40,"minecraft:grindstone":1,"minecraft:sugar_cane":4,"minecraft:oak_planks":44,"minecraft:diorite":3,"minecraft:wall_torch":31,"minecraft:spruce_log":9,"minecraft:birch_leaves":6,"minecraft:stripped_oak_wood":5,"minecraft:yellow_bed":10,"minecraft:grass":63,"minecraft:oak_log":198,"minecraft:coal_ore":229,"minecraft:gravel":7,"minecraft:dirt":22,"minecraft:oak_leaves":13},"minecraft:broken":{"minecraft:iron_axe":1,"minecraft:iron_pickaxe":2,"minecraft:wooden_axe":2},"minecraft:crafted":{"minecraft:wooden_sword":1,"minecraft:oak_door":3,"minecraft:oak_planks":328,"minecraft:furnace":1,"minecraft:iron_axe":2,"minecraft:chest":8,"minecraft:smoker":1,"minecraft:wheat":135,"minecraft:crafting_table":4,"minecraft:spruce_planks":12,"minecraft:bucket":1,"minecraft:bread":45,"minecraft:air":0,"minecraft:iron_chestplate":1,"minecraft:stick":52,"minecraft:iron_ingot":11,"minecraft:iron_pickaxe":2,"minecraft:wooden_axe":3,"minecraft:iron_leggings":1,"minecraft:torch":44},"minecraft:killed_by":{"the_silence:the_silence_principal":2,"minecraft:player":3,"minecraft:iron_golem":2,"sanitydim:rotting_stalker":1,"minecraft:zombie":1}},"DataVersion":3120}