{"stats":{"minecraft:custom":{"minecraft:mob_kills":14,"minecraft:interact_with_crafting_table":19,"minecraft:bell_ring":39,"minecraft:leave_game":3,"minecraft:time_since_death":83334,"minecraft:sleep_in_bed":7,"minecraft:time_since_rest":12306,"minecraft:sprint_one_cm":313373,"minecraft:damage_taken":1302,"minecraft:walk_one_cm":261163,"minecraft:drop":9,"minecraft:damage_dealt":5686,"minecraft:swim_one_cm":4392,"minecraft:talked_to_villager":1,"minecraft:fly_one_cm":230187,"minecraft:player_kills":1,"minecraft:open_chest":21,"minecraft:crouch_one_cm":25792,"minecraft:play_time":103612,"minecraft:deaths":4,"minecraft:sneak_time":8510,"minecraft:walk_under_water_one_cm":5699,"minecraft:jump":1694,"minecraft:interact_with_blast_furnace":4,"minecraft:walk_on_water_one_cm":20736,"minecraft:interact_with_smoker":3,"minecraft:total_world_time":103612,"minecraft:fall_one_cm":36375},"minecraft:crafted":{"minecraft:wooden_sword":1,"minecraft:oak_door":3,"minecraft:oak_planks":92,"minecraft:crafting_table":4,"minecraft:spruce_planks":12,"minecraft:furnace":1,"minecraft:bucket":1,"minecraft:bread":45,"minecraft:air":0,"minecraft:iron_axe":2,"minecraft:stick":32,"minecraft:iron_ingot":6,"minecraft:iron_pickaxe":2,"minecraft:wooden_axe":3,"minecraft:chest":2,"minecraft:smoker":1,"minecraft:wheat":135},"minecraft:used":{"minecraft:water_bucket":24,"minecraft:oak_planks":24,"minecraft:poppy":1,"minecraft:chest":2,"minecraft:spruce_planks":2,"minecraft:oak_door":2,"minecraft:torch":17,"minecraft:dirt":12,"minecraft:crafting_table":6,"minecraft:blast_furnace":1,"minecraft:white_bed":2,"minecraft:smoker":1,"minecraft:spruce_log":5,"minecraft:wooden_axe":64,"minecraft:iron_axe":245,"minecraft:bread":15,"minecraft:iron_pickaxe":451,"minecraft:oak_pressure_plate":1,"minecraft:wooden_sword":8,"minecraft:cobblestone":110,"minecraft:hay_block":8,"minecraft:furnace":2,"minecraft:bucket":28,"minecraft:yellow_bed":4,"minecraft:powder_snow_bucket":3},"minecraft:killed":{"minecraft:pig":3,"minecraft:iron_golem":5,"minecraft:sheep":1,"minecraft:cow":4},"minecraft:mined":{"minecraft:brown_mushroom":2,"minecraft:white_bed":5,"minecraft:smoker":1,"minecraft:powder_snow":3,"minecraft:oak_fence":3,"minecraft:crafting_table":4,"minecraft:torch":3,"minecraft:blast_furnace":2,"minecraft:grass_block":18,"minecraft:copper_ore":11,"minecraft:oak_pressure_plate":1,"minecraft:tall_grass":3,"minecraft:cobblestone":11,"minecraft:spruce_leaves":17,"minecraft:grindstone":1,"minecraft:oak_planks":16,"minecraft:diorite":3,"minecraft:wall_torch":26,"minecraft:hay_block":23,"minecraft:furnace":4,"minecraft:iron_ore":6,"minecraft:spruce_log":9,"minecraft:stripped_oak_wood":5,"minecraft:gold_block":1,"minecraft:yellow_bed":8,"minecraft:grass":62,"minecraft:coal_ore":130,"minecraft:oak_log":169,"minecraft:oak_stairs":1,"minecraft:dirt":14,"minecraft:stripped_oak_log":23,"minecraft:stone":250,"minecraft:white_wool":2,"minecraft:oak_leaves":3},"minecraft:picked_up":{"minecraft:wooden_axe":3,"minecraft:stripped_oak_log":20,"minecraft:crafting_table":5,"minecraft:cooked_beef":9,"minecraft:leather":3,"minecraft:brown_mushroom":2,"minecraft:smoker":1,"minecraft:oak_stairs":1,"minecraft:gold_block":1,"minecraft:oak_log":156,"minecraft:yellow_bed":7,"minecraft:dirt":32,"minecraft:raw_copper":48,"minecraft:iron_axe":1,"minecraft:wheat_seeds":14,"minecraft:beef":9,"minecraft:grindstone":1,"minecraft:iron_ingot":24,"minecraft:stripped_oak_wood":4,"minecraft:poppy":1,"minecraft:iron_pickaxe":1,"minecraft:oak_planks":18,"minecraft:furnace":6,"minecraft:raw_iron":6,"minecraft:oak_fence":2,"minecraft:torch":33,"minecraft:oak_pressure_plate":1,"minecraft:porkchop":8,"minecraft:diorite":3,"minecraft:blast_furnace":2,"minecraft:white_bed":7,"minecraft:spruce_log":9,"minecraft:hay_block":34,"minecraft:bread":60,"minecraft:mutton":1,"minecraft:coal":184,"minecraft:cobblestone":260,"minecraft:white_wool":3},"minecraft:killed_by":{"minecraft:player":1,"minecraft:zombie":1,"minecraft:iron_golem":2},"minecraft:dropped":{"minecraft:iron_ingot":3,"minecraft:porkchop":4,"minecraft:raw_copper":5,"minecraft:oak_fence":2,"minecraft:stick":2,"minecraft:dirt":20,"minecraft:oak_stairs":1,"minecraft:iron_axe":1,"minecraft:iron_pickaxe":1},"minecraft:broken":{"minecraft:iron_axe":1,"minecraft:iron_pickaxe":1,"minecraft:wooden_axe":2}},"DataVersion":3120}