{"stats":{"minecraft:killed":{"minecraft:husk":2,"minecraft:pig":8,"minecraft:iron_golem":1,"minecraft:skeleton":2,"minecraft:sheep":23,"minecraft:zombie":6,"minecraft:donkey":1,"minecraft:chicken":13,"minecraft:cow":9},"minecraft:broken":{"minecraft:wooden_axe":2},"minecraft:custom":{"minecraft:interact_with_furnace":13,"minecraft:mob_kills":65,"minecraft:interact_with_crafting_table":27,"minecraft:leave_game":2,"minecraft:time_since_death":83528,"minecraft:sleep_in_bed":4,"minecraft:climb_one_cm":1006,"minecraft:time_since_rest":3073,"minecraft:sprint_one_cm":243963,"minecraft:damage_taken":1273,"minecraft:walk_one_cm":287339,"minecraft:drop":24,"minecraft:damage_dealt":7181,"minecraft:fly_one_cm":304230,"minecraft:open_chest":35,"minecraft:crouch_one_cm":38715,"minecraft:play_time":83528,"minecraft:sneak_time":12121,"minecraft:walk_under_water_one_cm":2545,"minecraft:boat_one_cm":58462,"minecraft:jump":2969,"minecraft:walk_on_water_one_cm":19116,"minecraft:total_world_time":83528,"minecraft:fall_one_cm":40341},"minecraft:picked_up":{"minecraft:wooden_axe":1,"minecraft:crafting_table":4,"minecraft:jungle_boat":1,"minecraft:feather":14,"minecraft:chicken":13,"minecraft:glow_ink_sac":2,"minecraft:andesite":1,"minecraft:jungle_log":15,"minecraft:leather":8,"minecraft:wooden_pickaxe":1,"minecraft:oak_log":11,"minecraft:gunpowder":1,"minecraft:lapis_lazuli":9,"minecraft:dirt":2,"minecraft:bone":3,"minecraft:wheat_seeds":6,"minecraft:rabbit_hide":1,"minecraft:iron_ingot":3,"minecraft:beef":15,"minecraft:stone_pickaxe":1,"minecraft:light_gray_wool":1,"minecraft:jungle_sapling":1,"minecraft:wooden_shovel":1,"minecraft:poppy":1,"minecraft:iron_pickaxe":2,"minecraft:rabbit":2,"minecraft:oak_planks":3,"minecraft:melon_slice":220,"minecraft:sugar_cane":135,"minecraft:furnace":1,"minecraft:stick":42,"minecraft:raw_iron":15,"minecraft:sandstone":2,"minecraft:torch":7,"minecraft:green_bed":2,"minecraft:gravel":1,"minecraft:porkchop":14,"minecraft:sand":19,"minecraft:diorite":1,"minecraft:white_bed":4,"minecraft:arrow":9,"minecraft:cactus":6,"minecraft:rotten_flesh":9,"minecraft:stone_axe":1,"minecraft:hay_block":78,"minecraft:granite":4,"minecraft:black_wool":3,"minecraft:mutton":36,"minecraft:coal":84,"minecraft:white_wool":19,"minecraft:cobblestone":126},"minecraft:used":{"minecraft:diorite":1,"minecraft:stone_pickaxe":85,"minecraft:oak_planks":9,"minecraft:chest":3,"minecraft:wooden_pickaxe":12,"minecraft:sandstone":2,"minecraft:wooden_shovel":12,"minecraft:green_bed":2,"minecraft:jungle_boat":2,"minecraft:torch":11,"minecraft:dirt":1,"minecraft:sand":14,"minecraft:crafting_table":8,"minecraft:white_bed":5,"minecraft:wooden_hoe":43,"minecraft:wooden_axe":99,"minecraft:bread":19,"minecraft:melon_slice":50,"minecraft:iron_pickaxe":146,"minecraft:stone_axe":103,"minecraft:cobblestone":43,"minecraft:furnace":1},"minecraft:dropped":{"minecraft:gravel":1,"minecraft:stone_axe":2,"minecraft:wheat_seeds":6,"minecraft:feather":1,"minecraft:rotten_flesh":9,"minecraft:light_gray_wool":1,"minecraft:rabbit_hide":1,"minecraft:dirt":1,"minecraft:wooden_axe":1,"minecraft:andesite":1,"minecraft:rabbit":2,"minecraft:wooden_shovel":1,"minecraft:wooden_pickaxe":1,"minecraft:stone_pickaxe":2,"minecraft:iron_pickaxe":2},"minecraft:mined":{"minecraft:white_bed":4,"minecraft:crafting_table":6,"minecraft:torch":3,"minecraft:granite":4,"minecraft:grass_block":2,"minecraft:melon":44,"minecraft:jungle_log":15,"minecraft:dead_bush":44,"minecraft:oak_planks":3,"minecraft:lapis_ore":2,"minecraft:cobblestone":5,"minecraft:sugar_cane":60,"minecraft:diorite":1,"minecraft:sandstone":2,"minecraft:wall_torch":3,"minecraft:hay_block":80,"minecraft:cactus":1,"minecraft:furnace":1,"minecraft:iron_ore":15,"minecraft:andesite":1,"minecraft:grass":30,"minecraft:coal_ore":85,"minecraft:oak_log":11,"minecraft:vine":4,"minecraft:sand":28,"minecraft:gravel":1,"minecraft:dirt":1,"minecraft:stone":122,"minecraft:fern":8,"minecraft:green_bed":2},"minecraft:crafted":{"minecraft:oak_planks":44,"minecraft:wooden_shovel":1,"minecraft:crafting_table":4,"minecraft:jungle_boat":1,"minecraft:wooden_pickaxe":3,"minecraft:furnace":1,"minecraft:stone_axe":3,"minecraft:bread":234,"minecraft:cooked_mutton":22,"minecraft:air":0,"minecraft:jungle_planks":60,"minecraft:wooden_hoe":1,"minecraft:stick":12,"minecraft:iron_ingot":2,"minecraft:iron_pickaxe":1,"minecraft:stone_pickaxe":1,"minecraft:wooden_axe":2,"minecraft:chest":3,"minecraft:white_bed":1,"minecraft:torch":112,"minecraft:wheat":702}},"DataVersion":3120}