{"stats":{"minecraft:killed_by":{"minecraft:player":1,"minecraft:zombie":1,"minecraft:iron_golem":2},"minecraft:killed":{"minecraft:pig":2,"minecraft:iron_golem":4,"minecraft:sheep":1,"minecraft:cow":3},"minecraft:custom":{"minecraft:mob_kills":11,"minecraft:interact_with_crafting_table":12,"minecraft:bell_ring":39,"minecraft:leave_game":2,"minecraft:time_since_death":40974,"minecraft:sleep_in_bed":3,"minecraft:time_since_rest":2173,"minecraft:sprint_one_cm":188692,"minecraft:damage_taken":1112,"minecraft:walk_one_cm":161092,"minecraft:drop":2,"minecraft:damage_dealt":4702,"minecraft:swim_one_cm":4392,"minecraft:talked_to_villager":1,"minecraft:fly_one_cm":123977,"minecraft:player_kills":1,"minecraft:open_chest":4,"minecraft:crouch_one_cm":6814,"minecraft:play_time":61252,"minecraft:deaths":4,"minecraft:sneak_time":2681,"minecraft:walk_under_water_one_cm":895,"minecraft:jump":921,"minecraft:walk_on_water_one_cm":5111,"minecraft:total_world_time":61252,"minecraft:fall_one_cm":16950},"minecraft:crafted":{"minecraft:wooden_sword":1,"minecraft:oak_planks":44,"minecraft:crafting_table":2,"minecraft:spruce_planks":12,"minecraft:bucket":1,"minecraft:bread":39,"minecraft:iron_axe":1,"minecraft:stick":28,"minecraft:iron_pickaxe":2,"minecraft:wooden_axe":3,"minecraft:wheat":135},"minecraft:dropped":{"minecraft:iron_ingot":3,"minecraft:iron_pickaxe":1},"minecraft:picked_up":{"minecraft:wooden_axe":3,"minecraft:stripped_oak_log":20,"minecraft:crafting_table":4,"minecraft:leather":2,"minecraft:oak_stairs":1,"minecraft:oak_log":143,"minecraft:yellow_bed":5,"minecraft:dirt":32,"minecraft:wheat_seeds":14,"minecraft:beef":6,"minecraft:grindstone":1,"minecraft:iron_ingot":21,"minecraft:poppy":1,"minecraft:iron_pickaxe":1,"minecraft:oak_planks":8,"minecraft:furnace":2,"minecraft:oak_fence":2,"minecraft:torch":22,"minecraft:oak_pressure_plate":1,"minecraft:porkchop":1,"minecraft:blast_furnace":1,"minecraft:white_bed":6,"minecraft:spruce_log":9,"minecraft:hay_block":34,"minecraft:bread":60,"minecraft:mutton":1,"minecraft:white_wool":3,"minecraft:cobblestone":26},"minecraft:used":{"minecraft:water_bucket":5,"minecraft:poppy":1,"minecraft:oak_planks":24,"minecraft:spruce_planks":2,"minecraft:dirt":12,"minecraft:crafting_table":4,"minecraft:white_bed":1,"minecraft:spruce_log":5,"minecraft:wooden_axe":64,"minecraft:iron_axe":202,"minecraft:bread":6,"minecraft:iron_pickaxe":58,"minecraft:oak_pressure_plate":1,"minecraft:wooden_sword":8,"minecraft:cobblestone":5,"minecraft:hay_block":8,"minecraft:bucket":6,"minecraft:yellow_bed":2},"minecraft:broken":{"minecraft:wooden_axe":2},"minecraft:mined":{"minecraft:white_bed":4,"minecraft:oak_fence":3,"minecraft:crafting_table":2,"minecraft:torch":2,"minecraft:blast_furnace":1,"minecraft:grass_block":18,"minecraft:oak_pressure_plate":1,"minecraft:tall_grass":3,"minecraft:cobblestone":5,"minecraft:spruce_leaves":6,"minecraft:grindstone":1,"minecraft:oak_planks":6,"minecraft:wall_torch":21,"minecraft:hay_block":23,"minecraft:furnace":2,"minecraft:spruce_log":9,"minecraft:yellow_bed":5,"minecraft:grass":62,"minecraft:oak_log":156,"minecraft:oak_stairs":1,"minecraft:dirt":14,"minecraft:stripped_oak_log":23,"minecraft:stone":22,"minecraft:white_wool":2}},"DataVersion":3120}