{"stats":{"minecraft:killed":{"minecraft:iron_golem":2},"minecraft:killed_by":{"minecraft:iron_golem":2,"minecraft:player":1,"minecraft:zombie":1},"minecraft:used":{"minecraft:wooden_axe":64,"minecraft:bread":3,"minecraft:iron_pickaxe":27,"minecraft:poppy":1,"minecraft:oak_planks":10,"minecraft:spruce_planks":2,"minecraft:wooden_sword":8,"minecraft:dirt":12,"minecraft:hay_block":8,"minecraft:crafting_table":4,"minecraft:bucket":1,"minecraft:yellow_bed":1,"minecraft:spruce_log":5},"minecraft:mined":{"minecraft:hay_block":23,"minecraft:white_bed":1,"minecraft:furnace":2,"minecraft:spruce_log":9,"minecraft:yellow_bed":3,"minecraft:crafting_table":2,"minecraft:grass":49,"minecraft:blast_furnace":1,"minecraft:grass_block":10,"minecraft:oak_log":5,"minecraft:dirt":13,"minecraft:cobblestone":1,"minecraft:stripped_oak_log":7,"minecraft:oak_pressure_plate":1,"minecraft:tall_grass":3,"minecraft:grindstone":1,"minecraft:stone":22,"minecraft:spruce_leaves":6},"minecraft:picked_up":{"minecraft:wooden_axe":3,"minecraft:stripped_oak_log":6,"minecraft:crafting_table":4,"minecraft:oak_pressure_plate":1,"minecraft:oak_log":5,"minecraft:blast_furnace":1,"minecraft:yellow_bed":3,"minecraft:white_bed":3,"minecraft:spruce_log":9,"minecraft:dirt":23,"minecraft:wheat_seeds":12,"minecraft:hay_block":34,"minecraft:grindstone":1,"minecraft:iron_ingot":11,"minecraft:bread":60,"minecraft:poppy":1,"minecraft:oak_planks":2,"minecraft:cobblestone":23,"minecraft:furnace":2},"minecraft:broken":{"minecraft:wooden_axe":2},"minecraft:custom":{"minecraft:time_since_rest":11910,"minecraft:sprint_one_cm":116662,"minecraft:damage_taken":1112,"minecraft:walk_one_cm":80073,"minecraft:mob_kills":3,"minecraft:damage_dealt":2565,"minecraft:talked_to_villager":1,"minecraft:player_kills":1,"minecraft:swim_one_cm":4392,"minecraft:interact_with_crafting_table":11,"minecraft:fly_one_cm":84261,"minecraft:open_chest":3,"minecraft:crouch_one_cm":4232,"minecraft:play_time":40936,"minecraft:deaths":4,"minecraft:bell_ring":39,"minecraft:sneak_time":2155,"minecraft:walk_under_water_one_cm":895,"minecraft:leave_game":1,"minecraft:jump":593,"minecraft:time_since_death":20658,"minecraft:walk_on_water_one_cm":4597,"minecraft:sleep_in_bed":1,"minecraft:total_world_time":40936,"minecraft:fall_one_cm":11779},"minecraft:crafted":{"minecraft:wooden_sword":1,"minecraft:oak_planks":44,"minecraft:crafting_table":2,"minecraft:spruce_planks":12,"minecraft:stick":28,"minecraft:iron_pickaxe":2,"minecraft:wooden_axe":3,"minecraft:bucket":1,"minecraft:bread":39,"minecraft:wheat":135}},"DataVersion":3120}